"Data";"Saldo (em R$ milhões) - Pessoas jurídicas - Desconto de duplicatas e recebíveis - 20544";"20544 - Contribuição para a variação total";"Saldo (em R$ milhões) - Pessoas jurídicas - Desconto de cheques- 20545";"20545 - Contribuição para a variação total";"Saldo (em R$ milhões) - Pessoas jurídicas - Antecipação de faturas de cartão de crédito - 20546";"20546 - Contribuição para a variação total";"Saldo (em R$ milhões) - Pessoas jurídicas - Capital de giro com prazo de até 365 dias - 20547";"20547 - Contribuição para a variação total";"Saldo (em R$ milhões) - Pessoas jurídicas - Capital de giro com prazo superior a 365 dias - 20548";"20548 - Contribuição para a variação total";"Saldo (em R$ milhões) - Pessoas jurídicas - Capital de giro rotativo - 20549";"20549 - Contribuição para a variação total";"Saldo (em R$ milhões) - Pessoas jurídicas - Conta garantida - 20551";"20551 - Contribuição para a variação total";"Saldo (em R$ milhões) - Pessoas jurídicas - Cheque especial - 20552";"20552 - Contribuição para a variação total";"Saldo (em R$ milhões) - Pessoas jurídicas - Aquisição de veículos - 20553";"20553 - Contribuição para a variação total";"Saldo (em R$ milhões) - Pessoas jurídicas - Aquisição de outros bens - 20554";"20554 - Contribuição para a variação total";"Saldo (em R$ milhões) - Pessoas jurídicas - Arrendamento mercantil de veículos - 20556";"20556 - Contribuição para a variação total";"Saldo (em R$ milhões) - Pessoas jurídicas - Arrendamento mercantil de outros bens - 20557";"20557 - Contribuição para a variação total";"Saldo (em R$ milhões) - Pessoas jurídicas - Vendor - 20559";"20559 - Contribuição para a variação total";"Saldo (em R$ milhões) - Pessoas jurídicas - Compror - 20560";"20560 - Contribuição para a variação total";"Saldo (em R$ milhões) - Pessoas jurídicas - Cartão de crédito rotativo - 20561";"20561 - Contribuição para a variação total";"Saldo (em R$ milhões) - Pessoas jurídicas - Cartão de crédito parcelado - 20562";"20562 - Contribuição para a variação total";"Saldo (em R$ milhões) - Pessoas jurídicas - Cartão de crédito à vista - 20563";"20563 - Contribuição para a variação total";"Saldo (em R$ milhões) - Pessoas jurídicas - Adiantamento sobre contratos de câmbio (ACC) - 20565";"20565 - Contribuição para a variação total";"Saldo (em R$ milhões) - Pessoas jurídicas - Financiamento a importações - 20566";"20566 - Contribuição para a variação total";"Saldo (em R$ milhões) - Pessoas jurídicas - Financiamento a exportações - 20567";"20567 - Contribuição para a variação total";"Saldo (em R$ milhões) - Pessoas jurídicas - Repasse externo - 20568";"20568 - Contribuição para a variação total";"Saldo (em R$ milhões) - Pessoas jurídicas - Outros créditos livres - 20569";"20569 - Contribuição para a variação total";"Saldo (em R$ milhões) - Pessoas jurídicas - Total - 20543";"20543 - Contribuição para a variação total"
2012-03-01;42171,1433472359;0,00711747268785025;14982,4301026583;-0,000846184005421353;12772,7798723519;0,0035453053090003;85935,3631353018;0,00320847136276728;333464,701080568;0,0452215585716186;50688,9381089624;0,0176157757783829;72585,1321758514;0,00233443979025766;23069,8751382274;-0,00102304491802598;31761,3746985119;0,00939953461600088;10472,3649725287;0,0038598577419413;17836,8224681533;-0,00724253519991489;22152,8389944883;0,000609516474925584;8178,2097050859;-0,00175905795757439;20674,0008446019;0,00248897037565758;1613,42024606651;6,25792192184323e-05;172,139890462964;6,03902830483645e-05;6400,47410903202;0,00165972262942139;69145,4641827823;0,0191134468878932;7646,14095274583;0,000602929098849252;79325,1913415239;0,0188569473472623;13824,3981122711;0,000270403448866886;45236,7983055718;0,00331366812476934;970110,001784984;0,128472083419648
2012-04-01;39981,0454915125;0,00499467356048244;14932,2487498053;-0,00125761600376368;12223,5142582755;0,00275487582861539;87847,2761762212;0,0039952832118581;333331,393080237;0,0457704207930116;51196,9478378986;0,0177084000052986;73868,21585541;0,00145615251623964;23708,4241058296;-0,000959044406579354;31985,4583758717;0,00886458595001547;10370,0059265284;0,00371851985679706;17328,4369538509;-0,0071137204599746;21941,9933467149;0,000510540539273804;7812,10223045111;-0,00182058018385642;19923,6596096278;0,00208509224590029;1632,70448685782;-5,63490912395675e-05;166,380361994082;4,84817234099598e-05;5622,72326140749;0,000485491356514287;75387,4085065149;0,022329474029499;7465,34689657559;0,000388641520534885;80336,8355366753;0,0162033013087975;14722,329601495;0,00189052287962491;47334,4355089893;0,00362187521607304;979118,886158744;0,125620901258769
2012-05-01;39947,6687098053;0,00512551450697746;15163,7836428214;-0,000815284737632642;12598,0100950016;0,00250584236397903;90036,0305781134;0,0050235457666464;338335,047155985;0,0468764115481728;52063,8215745099;0,0175387450512194;71823,0667770134;0,000355373465253104;22309,524948706;-0,00169728821228731;32089,2125295264;0,00813854178974222;10332,8162985569;0,00364167422102464;16778,2377713409;-0,00703448704748753;21798,2294953361;0,000174621996472503;7294,48180141037;-0,00186088236628072;20158,985284229;0,0016779346543767;1619,10226900464;-8,25459592185928e-05;168,882437628235;4,03345940916845e-05;6039,48387041156;0,000384065080116493;78573,7161416576;0,0208881095143353;8069,17188227383;0,000775481045979607;83235,8010482939;0,018342800109109;16108,9055414749;0,00334564671186292;47380,0453456094;0,00382429500309221;991920,926438387;0,127166776301112
2012-06-01;43719,5697615657;0,00837332795667847;15484,5303383562;-0,000402520432020982;13368,2183035099;0,00226036408119584;90171,6126332292;0,00533858147660182;346251,561423255;0,0488284818919542;53308,7700130932;0,0169317151923691;71776,5726931823;-0,00149336181508016;22483,6866730601;-0,0015374165352259;32319,0417260073;0,00719089347096364;10511,8937209997;0,00373060949110768;16345,2980716222;-0,00687616002250154;21608,9856491478;3,2784411947563e-05;7218,99269823586;-0,00155566393135038;19649,0360982221;-0,000142833771191731;1673,54302097211;-3,9317675951241e-05;168,747631161851;3,25007211607034e-05;6664,75735919052;0,000945067648020402;76617,6171211008;0,0199534438196128;8245,41177585336;0,00124143565015192;87098,5479739973;0,0220891642660457;17528,0796331603;0,00512135081746784;53367,5994624891;0,00569058753439645;1015586,71821163;0,135720044436318
2012-07-01;41178,4366154902;0,00607009917130697;15048,2498499014;-0,00116811650251799;12782,2257483489;0,00184733725064016;89954,9907796552;0,00707016626252367;345562,509434771;0,0454737957578848;53015,7148983618;0,0164837691860376;71227,1494124711;-0,00257929196820441;22302,6100008577;-0,000925144969055279;32220,7046058839;0,006050496276029;10469,9562569689;0,00336193615788743;15809,7572690625;-0,00707818127565349;21439,3627240758;-0,000923929519447214;7030,8407667896;-0,00155301912210924;18704,7186722703;-0,00094261021267867;1635,54528690282;-0,000658572519681594;171,107942362124;2,80374697292385e-05;5592,60914315121;0,000407907978110845;78176,2899905652;0,0196488578936877;8105,2753237842;0,00103760857605343;90015,1097864311;0,0247422419201428;17681,1540440861;0,00494107152818432;51802,5441718844;0,0041119442985194;1009925,32121108;0,125441071541333
2012-08-01;41711,8960774934;0,00718581575935439;15422,8085386271;-0,000436130381472746;12659,4146137288;0,00189176363117093;89913,1622219565;0,00786367618342837;348533,058777804;0,039320114614267;53522,3346687395;0,0167945534033469;69428,7371442239;-0,0026569505161093;21354,8941640756;-0,00143327619575735;32365,4837359483;0,00502359627153805;10609,8974527625;0,00325153169116736;15214,0187754126;-0,00690791979490423;21169,1326835685;-0,00120823293714031;6678,20198517101;-0,00190642519235558;16646,3779598182;-0,00350697657885034;1605,83891413537;-5,90798724004223e-05;178,085386271227;3,61137547388998e-05;5625,04185601531;4,74161607998006e-05;80338,0022721837;0,0197521052066939;8144,3359842143;0,000528283001676208;91305,6057163358;0,0237257708465405;17277,3529060033;0,00401535271303584;53124,7129873236;0,00809443118129534;1012828,39482181;0,119417318651594
2012-09-01;46235,150025764;0,0102191951348688;15303,333960918;-0,000391233299211749;13462,3543342978;0,0015799636825174;89518,0159736811;0,00506025218489241;350947,808573467;0,0373480579529497;53609,754151968;0,0154843003397081;69367,9902096793;-0,00218057928121761;21845,9862658052;-0,00110777501909875;32365,2156248761;0,00395498768479088;10815,3736771176;0,00302508962355411;14740,0491497879;-0,00660735333665614;21458,2509215585;-0,000949969579405767;7391,39581434064;-0,00150587724040002;17274,0675413215;-0,00312806125579069;1715,80522414682;2,1923597121859e-05;184,708569503349;4,16134767786023e-05;6400,68621427722;0,000889736128344547;79217,0785603869;0,0145806460276876;7878,35477030401;-0,000923312390519403;92477,9326370447;0,0225717371803222;17225,2189940148;0,00193529227806434;60633,2593444052;0,014670713858839;1030066,26402156;0,114587695973646
2012-10-01;44182,3326015368;0,00794936443448068;14944,9615806806;-0,000451824489223363;12794,5746432492;0,0015621772110377;91540,9248079034;0,00782845922342442;353979,184961581;0,0384816798647585;52179,8902305159;0,0130320765944435;67460,2332601537;-0,0059151097991248;21399,1575192097;-0,00234561518844964;32151,0922063666;0,00313046312524506;11126,7727771679;0,00341960166741331;14239,2947310648;-0,00658605859984399;21321,7618002195;-0,00129356502688704;7829,10812294182;-0,00165455452069666;17145,4281009879;-0,0031197790178161;1573,71295279912;-5,47012214999052e-05;185,142700329308;4,27562049746776e-05;5275,04939626784;-0,000195032793021467;78536,9264544457;0,0143538000889256;7744,12458836443;-0,000330229843836522;97005,6695938529;0,0286949022687844;17017,9527991218;0,00293199498284219;61176,0043907794;0,0157895301725289;1030810,81778266;0,115268514474733
2012-11-01;45225,1582163381;0,00758369481674014;15054,9392594748;-0,00020279628170817;13022,9750127301;0,00132115265633178;92664,81050411;0,00856094061389092;358648,477849713;0,0369895262518381;53084,500254601;0,0123321489682387;67463,6266094421;-0,00547294997499442;21416,3299265294;-0,00195363498063219;31959,3129410053;0,00199720556451255;11122,2512184477;0,00260279799921145;13741,0262239034;-0,00641552572479419;21036,1851676729;-0,00145017872313652;8515,54430057467;-0,00109797334413837;18830,7421619262;-0,00158842321602206;1585,44500618317;-4,43790171916538e-05;191,580890376082;4,64690042784206e-05;5881,6841856405;0,000361257180548166;72621,2255401179;0,00895308983978651;7854,81650541937;-0,000729207845393408;98606,8351276642;0,0263229135716207;18168,5058558231;0,00432634624392281;62529,2872990471;0,0170532204704219;1039223,75154579;0,109494083559744
2012-12-01;52960,2198914075;0,0119499264670097;15038,6968904582;-0,000548929295235606;14740,8564564214;0,00130448281998562;94557,6027214737;0,00910168936766815;363687,116928432;0,0336233451729625;54397,0380656551;0,0123844487193412;66009,8216218917;-0,00443539320631985;20345,9440215852;-0,00119088889515942;31821,0325027898;0,00130523623918489;11551,4194467114;0,00190174392659027;13292,0647973884;-0,00626888731962396;21022,4459119602;-0,00173095711413179;8784,04777568661;-0,000919726614891163;19141,1121150547;-0,00299410634546301;1595,4668476541;-1,61986411789546e-05;202,052555753568;4,88185734371746e-05;6811,41615729252;0,000949758181873315;68709,8424409986;0,00615417890262041;7420,56719574957;-0,0014512213843122;97101,9682383704;0,02008067925665;20712,631993138;0,00657721618480735;68048,3074066055;0,0174390433400017;1057950,17529688;0,103261045633716
2013-01-01;43855,8995057026;0,00688071823343566;14313,9340404685;-0,000426801592334492;13454,7418562024;0,00129492027554523;92749,7220953146;0,0103990940143492;361936,562527522;0,0325225618549299;53403,4686137655;0,0122746761017336;64802,9752796248;-0,00615411384083943;21454,5778931261;-0,00174462077036785;31149,0555093795;0,000315679934064309;11389,1191955832;0,00184002910228338;12684,5851314457;-0,00643076196649519;21047,9826280329;-0,00157021834007092;8299,58875060549;-0,000436917793815627;17237,2649610287;-0,00309980426417074;1584,83117926813;-2,16861969503001e-05;194,394086595623;4,2650265171225e-05;5457,87366792902;0,000390768315460998;64749,5540039191;0,00193616375364148;7076,83510667577;-0,00086035836023302;95855,5757078691;0,0179044285098598;22847,9828344489;0,0102832357643606;59475,6869523097;0,0170655730132703;1025023,69545114;0,0924034398850744
2013-02-01;42828,7776589225;0,0065049025555387;14199,0636729736;-0,000328827001496213;13672,4622049441;0,00159856833389056;90242,0857453957;0,00817125148774851;361702,929903372;0,033682533896947;52694,0735081691;0,00294509728764166;66124,6235541305;-0,00604064693741917;22357,6987420799;-0,00129474488250571;30722,8441908055;-0,000458929521838734;11536,5548500235;0,00173000639722462;12139,8601733402;-0,00646631891200419;20836,897303597;-0,00144082019199418;8316,46800210109;0,000128492110902814;16864,5226442039;-0,00294867039667509;1702,23555771988;4,73859758854649e-05;193,234712358149;3,86430566452618e-05;5066,87967137589;-0,000176351420342738;65736,6790552741;0,00246575676265095;6782,39089635701;-0,0007089726077987;99804,9913959138;0,0232400236929805;22270,6693678117;0,0100538065738456;57898,1350745779;0,0155816901704124;1023692,60281131;0,0863189828522992
2013-03-01;48706,6583479014;0,00673688034206458;14288,265231101;-0,000715552741730374;14175,2158658323;0,00144564636061887;88502,971269626;0,00264671854696881;363855,988898329;0,0313276718741598;53030,4295260346;0,00241363496177129;65967,9750682111;-0,00682103791885947;21566,0016419691;-0,0015502092479113;30515,9877546686;-0,00128375848259668;11846,6925760125;0,00141667192478703;11702,8115656706;-0,00632300552637972;20720,3336628163;-0,00147664216329715;8571,19733037071;0,000405095942276363;17764,9002565066;-0,00299873270324257;1685,46326400575;7,42627308312328e-05;195,267085464081;2,38397655508793e-05;6937,12014148708;0,000553180599589376;65104,6890061594;-0,00416527524629983;6791,77095757021;-0,000880693935330624;104155,169751826;0,0255950133125266;21959,4721600471;0,00838572330231372;64944,6580864934;0,0203150774083965;1042991,97579525;0,0751275359249644
2013-04-01;45299,4491715909;0,00543182626263437;14085,9910442992;-0,000864305364209837;13656,7092606334;0,0014637599403077;85901,6211389203;-0,00198714892012144;364241,213014066;0,0315690161539966;52895,1084866572;0,00173437635895343;64733,9408062568;-0,00932907655881153;21596,9621163293;-0,00215649194326537;30297,949017229;-0,00172349791480697;11635,8725647372;0,00129286305892341;11275,2174607731;-0,00618231307622477;20285,7544913909;-0,0016915605231778;8115,46991025342;0,000309837430460035;18358,3668912588;-0,00159867482947851;1654,34102344677;2,20979667482825e-05;204,419896983713;3,88507826040075e-05;5493,05466037664;-0,00013243396983134;64533,901335637;-0,0110849737700986;6367,67979104267;-0,00112107643009447;108790,809032611;0,0290607952702921;21624,7048166343;0,00704957826134725;62149,4892515341;0,0151310060013927;1033198,02518266;0,0552324541875391
2013-05-01;45688,2104158347;0,00578729770995105;14182,4607827795;-0,000989315613660343;14004,9799934166;0,00141842949464414;85440,9977119915;-0,00463245884187654;365310,745410492;0,0271954119885005;53717,033993654;0,00166667763032298;63967,2769596469;-0,00791977425617352;21252,5971459253;-0,00106553634932952;30212,4674876156;-0,00189203089872238;11505,7013366502;0,00118243804201686;10929,616151505;-0,00589625792132047;20109,1553390462;-0,00170283145689324;7534,20498451277;0,00024167569885148;19149,0133638041;-0,00101819801710539;1691,88654122193;7,33770911342994e-05;200,756958459695;3,21341348709214e-05;6233,6490362304;0,000195746617138136;67812,2091423206;-0,0108491581460808;6613,34154462156;-0,0014676878961306;109315,073402441;0,0262916848097843;22765,5481372158;0,00671086012837978;63839,2580296146;0,0165932709405618;1041477,63862957;0,0499603454976214
2013-06-01;51721,8671284635;0,00787948209975534;14316,8844458438;-0,0011497254459654;14707,1998320739;0,00131843150816489;85870,8359571788;-0,00423477050155178;364640,178946264;0,018106398196492;55157,8033165407;0,0018206552629041;63680,8984047019;-0,00797142591893708;21145,227225021;-0,00131791744027145;30107,9712426532;-0,00217713607681632;11336,5580394626;0,000812007781979593;10661,849286314;-0,00559622204917793;19837,8883291352;-0,00174391540205585;7774,38602015113;0,000546869422330845;20965,304890848;0,00129606735596523;1736,83091939547;6,23165873366256e-05;207,491078925273;3,81488326586691e-05;7135,95193115029;0,000463962912777664;67054,442170445;-0,00941640411317687;7032,93188497061;-0,00119387135449923;109550,936712846;0,0221078006793807;24544,8887489505;0,00690911863060423;66253,4975860621;0,0126881317887498;1055440,37311083;0,0392420008892818
2013-07-01;47077,7061928475;0,00584129286934112;13877,4430795554;-0,00115930034207075;13822,3220555121;0,00102987447221928;82820,789178457;-0,00706408825619208;367294,592053333;0,0215185045489312;54208,6260401449;0,00118118747666674;62376,6914714167;-0,00876347761084066;20998,2090540028;-0,00129158158475589;30036,6064438544;-0,00216263333155206;11209,8756265083;0,000732647606708284;10327,939241814;-0,005427943940127;19557,8096625532;-0,00186306157693555;7258,56853455581;0,000225489709965013;20065,5033050581;0,00134741114437639;1723,25727798807;8,68499771647141e-05;211,78077658776;4,02731106661053e-05;6022,69715337245;0,000425861201009876;66664,5269206867;-0,0113986280253612;7460,19543829348;-0,000638740183994158;111820,250038337;0,0215908441881205;25521,0341320893;0,00776283149193823;63712,6510278367;0,0117930569773912;1044067,62415154;0,0338067599884673
2013-08-01;48128,4540184382;0,00633528638587754;14052,5998067607;-0,00135285378932084;13647,4172358727;0,000975488668362007;81773,0782082422;-0,00803698242992719;367992,599202888;0,019213067608069;54216,3221460299;0,000685197493315183;62544,2710583878;-0,00679726804761161;21180,9188931682;-0,000171771715521465;29741,8477837867;-0,00259040521136182;11699,6467343899;0,00107594661366017;10084,7047732793;-0,00506434656488445;19668,7196553899;-0,00148140892953795;7314,99248513802;0,000628724967845158;20657,0757122345;0,00395989860959797;1756,75586092138;0,000149005446092921;496,348649337753;0,000314232168740212;5604,5432037467;-2,02390181529395e-05;67164,7994471209;-0,0130063522038009;7760,69331311478;-0,000378783486976608;111847,754532401;0,0202819637769726;26629,177391001;0,00923337510363034;62286,6907097519;0,00904593292335582;1046250,85790201;0,0329991371204386
2013-09-01;53441,7730456621;0,00699627128041465;13638,7557869906;-0,00161599135130256;14303,533373986;0,000816626142481434;81678,2371041377;-0,00761094615305177;368803,031299897;0,0173340525266011;54370,4428201199;0,00073848517781957;62548,2165638314;-0,00662071352499432;21884,3051198318;3,72003776504627e-05;29573,2294015229;-0,0027104918594779;11813,1409819229;0,000968643804438234;9827,46042380429;-0,00476919679594595;19235,289008529;-0,00215807661183917;8195,07814944678;0,000780223916826881;22067,4434138631;0,00465346360711535;1863,1076841607;0,000143002897152253;1455,01211557132;0,00123322507535435;5703,24372357241;-0,000677085072160185;66163,395328685;-0,0126726635825718;7316,87955838341;-0,000545086497375908;112468,543042372;0,0194071110797094;28996,4158770149;0,0114276113043866;62614,5501191498;0,00192345953260255;1057958,19987483;0,0270778073484077
2013-10-01;51048,3428183921;0,00666078595452134;13653,2307262718;-0,00125312116648846;13739,2624258703;0,000916451172537351;82405,4634603622;-0,00886240344973503;367877,282929553;0,0134826854047463;53779,8492806425;0,00155213645658881;61668,9561338191;-0,00561817651350613;21212,5493976544;-0,000181030426084028;29322,470946467;-0,00274407409303692;11866,6390979443;0,000717751800827884;9532,31231550674;-0,00456629124797415;19212,3123819908;-0,00204639821569423;8898,54546179826;0,00103747197876412;22467,1783501316;0,00516268374112639;1803,79796824721;0,000223207800576852;686,819735127516;0,000486681965442843;5867,36191261336;0,000574608362783408;63304,9922878494;-0,0147766533915129;7162,13899156982;-0,000564590113680126;112644,172007553;0,0151710693600783;28202,6249900274;0,0108503636146975;61086,8082998697;-8,65300299249236e-05;1047441,6780576;0,0161337657580267
2013-11-01;55668,6803187845;0,0100493489365617;13906,4738891343;-0,00110511847774093;13778,1196023922;0,000726642927992086;84994,7825218682;-0,00738053568428654;370690,032428629;0,0115870663666081;53779,0199861927;0,000668306253161197;62949,220694544;-0,00434401726113662;21523,5877279063;0,000103209536172914;29009,4949624531;-0,00283848206333281;12233,5896852624;0,00106939286670624;9254,34407410444;-0,0043173398828936;19596,8472680335;-0,00138501251294396;9702,15791896017;0,00114182688436486;23584,3871094876;0,00457422661913815;1855,43252279394;0,000259797292170411;1138,07467577983;0,000910769970370569;5781,64753836021;-9,6260932384863e-05;60285,1561652749;-0,0118704651972144;7746,89428425571;-0,000103848878552979;113927,264912276;0,0147421859458307;30680,9530075834;0,0120401858917762;59281,1404112035;-0,00312555105001415;1061370,15402276;0,0213105237866531
2013-12-01;62792,2753637243;0,0092934957636901;13425,0037348738;-0,00152530165717076;15344,0726898168;0,000570174520010878;85732,0738509038;-0,00834210256460633;373388,9222989;0,0091703802286769;53813,0676025256;-0,000551982954174278;60816,680077266;-0,00490868253145135;20557,2136138114;0,000199697109712089;28391,7631618262;-0,00324142801904755;12356,6560692354;0,000761129060069403;9006,05776866847;-0,00405123712703885;19296,6764210212;-0,00163123891014499;10313,2291849588;0,00144541911800627;24320,4541344397;0,00489563888765518;1862,54262342775;0,000252446459209386;2163,5453387465;0,00185405024621552;5652,63315152579;-0,00109530962121306;60029,5509109161;-0,00820482073047225;7721,49688498424;0,00028444599401878;115672,658496248;0,0175534639451866;33658,6041007603;0,012236844806032;62091,3488529351;-0,00563066077473711;1078409,35264809;0,0193385074542565
2014-01-01;49580,7642380688;0,00558510477150145;12869,523729463;-0,00140914821522228;13999,4895565339;0,000531448885278467;80788,34034517;-0,0116693709650098;371947,084744172;0,0097661373693846;52305,8932662908;-0,00107078046326685;60582,4713205452;-0,00411746965246696;21740,5987300495;0,000279038268278809;27734,7582480313;-0,0033309447152297;12033,2928002252;0,000628447525165207;8685,55822300769;-0,00390139947611446;19556,560303099;-0,00145501253439561;9384,05699919455;0,00105799334532629;20519,2799443224;0,003201891817583;1893,11438938371;0,000300757154672311;840,447219637313;0,000630281169019555;5565,50332736415;0,000105002118402505;59172,8248969729;-0,00544058555104108;8017,97890975062;0,000918167850413091;115690,792272383;0,0193509834480298;34472,3903064616;0,0113406231715418;55184,2141790286;-0,00418670591941022;1042566,34337929;0,0171143828245108
2014-02-01;50661,9373310828;0,00765186702594954;12993,4972067184;-0,00117766452834029;13999,8686199791;0,000319828837422298;80177,5127885183;-0,00983163591222367;370424,240649367;0,00851946250470537;50823,8500688612;-0,00182693851081054;61729,2312780234;-0,00429366419571295;22321,6250220045;-3,52388206931111e-05;27373,0232807986;-0,00327229180010438;12133,6847371364;0,000583309760638122;8402,71277091466;-0,00365065390934976;19158,7434374709;-0,00163931424484024;9425,83377773866;0,00108369033105346;21378,0645846061;0,00440907937402979;2011,34702705781;0,000301957314616752;600,193769351047;0,000397540292735623;5704,63240776216;0,000622992424322354;61458,4461820836;-0,00417921635991252;7374,00856623624;0,00057792511956666;115940,686645059;0,0157622466010136;32723,1226248045;0,0102105390116993;52871,4878819728;-0,00491030918734846;1039687,75065755;0,0156249520630647
2014-03-01;54956,4655703138;0,00599219108818852;12357,7707278408;-0,00185091980385398;13739,4621612054;-0,000417792001031135;78742,5809567051;-0,00935806846019013;365920,022547828;0,00197895448613129;49952,5020008311;-0,00295105580544534;63397,3692918597;-0,00246464578444282;20847,0820571622;-0,000689285825289973;26979,6344250689;-0,00339058536562886;11987,106759731;0,000134626331723554;8115,88121219584;-0,00343907761202077;18768,3210718298;-0,00187155091916997;9406,28972804088;0,000800670011898638;23147,1349637542;0,00516037978445977;2031,7364520647;0,000331999858191555;1892,04592676958;0,00162683786710032;5857,32054084004;-0,00103529041997061;62772,2196143013;-0,00223632534668319;7252,84271928339;0,000442066451529148;116366,356794361;0,0117078437091755;33994,5883289982;0,0115390304510969;52657,7957382297;-0,0117803996899355;1041139,7634402;-0,00177586443427968
2014-04-01;50668,2991463881;0,00519634169243403;12278,2697795898;-0,00174963677886417;14380,2897821379;0,000700330918050832;79654,1932730284;-0,00604668970867171;367323,18690279;0,00298294597318786;49095,2188176838;-0,00367779416564564;62384,656389349;-0,00227379878750011;21202,9246400815;-0,000381376528645732;26467,5917314308;-0,00370728281746476;12059,8245636387;0,000410329857944217;7899,74837558925;-0,00326701077906832;18848,1126895146;-0,00139144846083323;8934,27194547076;0,000792492838023551;22016,2552554466;0,00354035555143564;2111,63708752707;0,000442602534010322;1154,05019747739;0,000919117417327414;5768,87711810422;0,000266959915722652;64523,7708625303;-9,80496754722366e-06;7145,49413938081;0,000752822139977114;115825,423748248;0,00680858319913409;34246,4396101414;0,012216181686251;49747,8067269716;-0,0120031999890534;1033736,34278252;0,000521020740204436
2014-05-01;51717,7486017932;0,00578940724439603;12386,1662502695;-0,00172475573731344;14042,3048534578;3,58383691178615e-05;79554,8264448136;-0,00565175002213512;370023,211880636;0,00452478891082481;48512,1425853825;-0,00499760265147923;61219,6899849082;-0,00263816223491274;20536,9392271499;-0,000687156298158312;26297,1834853077;-0,00375935484074321;12327,3603378524;0,000788935806901585;7707,67726471446;-0,00309362272149227;18723,5289977299;-0,00133044271900023;7978,45797770478;0,000426560280042673;21945,545966443;0,00268515856597624;2119,74800573233;0,000410821556450705;756,271385270954;0,000533390642493519;5964,0135825798;-0,000258897016747664;66877,3657911757;-0,000897612504071588;6783,19361834346;0,000163087585774186;117879,870388454;0,00822369743558096;33832,5457508465;0,0106262460211756;49323,117144995;-0,0139380245395578;1036510,27710492;-0,00476953257602952
2014-06-01;55452,3491026496;0,0035345265059274;12131,1378312011;-0,00207093329981341;15157,7926999333;0,00042692403980277;76830,9936412417;-0,00856499575555635;369473,921322682;0,00457983463544379;48546,3454192688;-0,00626416997654274;62248,0201828048;-0,00135761172151658;21212,4645683017;6,37054872958262e-05;26024,873052204;-0,00386862043036561;12256,4538743709;0,000871575371138196;7567,99930273449;-0,00293133564188059;18668,0040395926;-0,00110843238457373;7651,08928787971;-0,000116820178015381;21776,3867625659;0,000768477208548796;2302,00122779361;0,000535482934703688;2032,29930879767;0,00172895435532176;5343,63953647002;-0,00169816546755509;69821,4680091554;0,00262167897799362;6481,01884132662;-0,00052292205007969;120991,277549566;0,0108394004324475;33443,0379554963;0,00843074552882526;49521,631146547;-0,0158529717696881;1044934,20466258;-0,00995429842927176
2014-07-01;49990,6010023442;0,00278994841149666;12053,6404443861;-0,00174682424105574;13701,6523017541;-0,000115576568956461;76490,9040674764;-0,00606271563695368;371132,270279282;0,0036756989079783;48128,7562014995;-0,00582325291772769;60326,7679325641;-0,00196340111639655;20103,020673349;-0,000857404597122051;25688,5550758831;-0,0041645304072183;12528,9760958087;0,00126342435948289;7497,7729543893;-0,00271071166460569;18390,995132265;-0,00111756604964779;7245,80419933716;-1,22255828294914e-05;19476,503768895;-0,000564139259314474;2218,68703772937;0,000474518841769379;1503,64057068952;0,00123733344873287;5796,64335946973;-0,000216512598105343;71173,682339241;0,00431883463699841;6844,01618452429;-0,000590171785347642;119064,089718394;0,00693809434608556;35726,4454798521;0,00977466508077593;47375,5739228842;-0,0156475277338754;1032456,27475548;-0,0111212618105074
2014-08-01;50600,8962183328;0,00236314472883914;12368,6550992536;-0,0016095037770232;13243,5907191921;-0,000385974848795288;74964,5926039782;-0,00650750778634166;373934,441443121;0,00567917550113009;47587,5309931412;-0,00633575695811713;61495,4750013859;-0,001002432685317;19933,3158629448;-0,00119245114190409;25644,8521148409;-0,00391588273309638;12390,3926301838;0,000660210589627633;7385,32613351744;-0,00258004915300597;18486,4114604069;-0,0011300427484034;6985,89900267599;-0,000314545483978802;19715,9405536433;-0,000899531074677767;2228,09692034007;0,000450504824783461;1641,1835852261;0,00109422604267586;5946,57330507834;0,000326910223058261;70858,9164495467;0,00353081383353265;6606,85080708155;-0,00110283542165686;119204,543833877;0,00703157301703703;35025,9553068825;0,00802558760402751;48254,6014735601;-0,0134117827767707;1034505,40011389;-0,0112262347977143
2014-09-01;54822,0599362604;0,0013046705349622;12020,2722712741;-0,00152981801729785;13933,1409536886;-0,000350101185794738;72928,1185170524;-0,00827076021351375;373155,289834738;0,00411382844365346;46831,510320101;-0,00712592662064606;60306,6975426183;-0,00211872172405136;19623,1147462944;-0,00213731541927173;25417,1075279863;-0,00392843675111956;12471,4715226346;0,000622265171525237;7216,48622984336;-0,00246793700759618;18354,6234378288;-0,00083242000563386;7627,15860233912;-0,000536807169862518;20224,2634494543;-0,00174220490434014;2264,10163257534;0,00037902626820425;1568,39021206442;0,000107166896108483;6031,75047103156;0,000310510138772984;67396,1995520189;0,0011652674212268;7104,36186498432;-0,000200875321373039;120060,878636714;0,00717640412942613;38077,7044853229;0,00858378772373271;50508,6491290927;-0,0114427025486351;1037943,35087592;-0,0189183740919842
2014-10-01;52478,0857035928;0,00136498567428786;12029,1987275449;-0,00155047486914839;11816,6497005988;-0,00183553200674314;71203,9240269461;-0,010694189154463;374405,110965569;0,00623216373070124;46755,4049401198;-0,00670628683932934;59469,3343937126;-0,00209999447815134;18973,3637724551;-0,00213776639989326;25643,0984281437;-0,00351272304262938;12719,3104416168;0,000814051380171987;7109,63042664671;-0,00231295158442875;18012,8574101796;-0,00114512816984279;8380,88884730539;-0,000494210441819373;20436,9925149701;-0,00193823281781798;2262,70546407186;0,000438122241493817;675,313997005988;-1,09846097998171e-05;6330,73241017964;0,000442383100914572;69839,8435628742;0,00623886886680244;6993,93918413174;-0,000160581549275371;119166,015531437;0,00622645027451915;36881,2919161677;0,00828558487593713;49382,6723428144;-0,0111740216207166;1030966,36470808;-0,0157290985213326
2014-11-01;55220,5870014199;-0,000422183830651614;12186,326158513;-0,00162068598226706;11893,211888473;-0,00177591927451054;71142,4470762876;-0,0130513708088342;377094,854459791;0,00603448477129898;47940,9134180973;-0,00550053772095249;60757,636020395;-0,00206486367252985;19618,5797728153;-0,00179485728694252;25205,1503807926;-0,00358437117083188;12553,0536013941;0,000300991991267926;7040,09616625791;-0,00208621648107796;17747,466761327;-0,00174244630838455;8834,91916225636;-0,000817093596816187;21476,3085710598;-0,00198618599782357;2367,66732283465;0,00048261654814699;709,363301923325;-0,000403922582740455;6156,73809216471;0,000353402205990854;69787,9646960114;0,00895334063683558;7334,54885762231;-0,000388502941288252;116810,721085582;0,00271673003275691;38241,3740802891;0,00712326519080125;52614,680682845;-0,00628099414995943;1042735,94697948;-0,017556746788725
2014-12-01;64909,0809165833;0,00196289613740934;11754,6859374461;-0,00154887176499915;14656,5036725404;-0,000637577016174772;70711,3883237353;-0,0139285564338666;377879,088072002;0,00416369327850939;49435,8184764992;-0,00405898661327241;58514,4573950826;-0,00213483189526334;18207,7442325597;-0,00217864336532546;24947,6641435912;-0,00319368429973077;12396,1403841512;3,66134759670204e-05;6957,72224904307;-0,00189940444655418;17254,1949722404;-0,00189397601547625;9572,67836821959;-0,000686706597008601;22093,6566778165;-0,0020648907125622;2355,98382702852;0,000457563913359151;1430,32389047898;-0,000679910134743409;6041,35875375013;0,000360462009412102;69776,4319459292;0,00903820150583739;7548,71030035518;-0,000160223559082425;114955,808389944;-0,000664729125858712;38724,990085865;0,00469801747607614;54477,145763647;-0,00706058703088117;1054602,90484155;-0,022075520532242
2015-01-01;51402,7842319109;0,00174762978434188;11167,3319424846;-0,00163269397462143;12010,8177217654;-0,00190747749282087;70128,6932509367;-0,0102244304757451;372419,304413411;0,000452939683155031;48516,8297771398;-0,00363436198877229;57745,32504501;-0,00272131005719898;19951,1278648241;-0,00171640958543239;24312,8544839667;-0,00328219281755552;12004,2587343682;-2,784865063162e-05;6993,19236290205;-0,00162326922488227;17416,7351345433;-0,00205245947382096;8747,06559291519;-0,000610984049431975;18400,5832441244;-0,00203219364758182;2436,00791932266;0,000520728041324695;659,834132159019;-0,00017323893930133;5800,76845408983;0,000225659621778224;72769,3415770522;0,013041392297404;7386,73160673447;-0,000605474468866974;114585,509829205;-0,0010601555001234;38223,1549559632;0,00359762683048468;52255,4525935478;-0,00280918485819119;1025335,01666586;-0,0165277987562694
2015-02-01;50179,3527091536;-0,000464163035126699;10935,5452919713;-0,00197939421085369;11823,2969540951;-0,0020934859187361;69235,5577308585;-0,0105242704367148;365962,338835287;-0,00429157870837406;47755,8554709471;-0,00295088077740054;58585,1297610291;-0,00302408248534793;20577,6947316806;-0,00167735965843688;23680,2895917161;-0,00355177185337335;11676,8503295404;-0,00043939577753716;6634,16169111178;-0,00170104060443567;17119,9992067956;-0,00196091973709018;8158,24337674325;-0,00121920297723401;18587,0574279987;-0,00268446671112775;2594,56763149166;0,000560957464455062;948,66309003591;0,000335167285047337;5590,89148963787;-0,000109399113389923;71767,9179466101;0,0099159307763377;8016,98070350019;0,000618428116381391;114758,426174303;-0,00113713032591594;40647,3622348173;0,00762174951566097;51669,7387112592;-0,00115587508841345;1016904,62510276;-0,0219134307780218
2015-03-01;54459,072038261;-0,000477739444327169;10455,3846026105;-0,00182721493504801;11928,9107907934;-0,00173900895344679;68520,2468531004;-0,00981840715585333;356994,975754758;-0,00857238106397861;47379,2391809758;-0,00247158250046333;57386,9378757182;-0,00577293426607916;19956,5586701651;-0,000855335103189816;23072,4525889269;-0,00375279282699916;11100,0523099405;-0,000852003238123724;6494,00386927497;-0,00155779022171026;16639,8456441596;-0,00204437050856385;7958,57633930054;-0,00139050820992247;18788,7380019263;-0,00418617856590796;2459,71428808662;0,000411066651232072;1737,02132252815;-0,000148898937188982;5952,94347205155;9,18444713854183e-05;70821,3524195423;0,00773107808181733;8516,26507024478;0,00121349927774029;114816,086137035;-0,00148901301416325;45593,6119598791;0,0111406979525541;56568,3122156166;0,00375599570269556;1017600,3014049;-0,0226093199605808
2015-04-01;50170,8777463435;-0,000481187880756565;10300,3852595526;-0,00191333557521378;10978,6103802186;-0,00329066441909449;68875,4121134743;-0,01042701191151;354211,324817028;-0,0126839519354312;46793,7230724655;-0,00222638563622836;58702,0353034847;-0,00356243747409688;20642,6833074609;-0,000541957663123863;22730,7022182753;-0,00361493483250947;11025,6035065568;-0,00100046889548066;6311,04985878135;-0,00153685079169373;16405,681430042;-0,0023627216712709;7518,90021412469;-0,00136918058577325;17952,6443457183;-0,00393099356339756;2510,95704785887;0,000386288015430456;842,06602060214;-0,000301802465448273;5724,27082180067;-4,31505544087533e-05;76479,4079888062;0,0115654607770631;7535,41131256787;0,000377192091493575;112575,209354587;-0,00314414252372355;41799,7508356516;0,00730680630341281;56393,0216904308;0,00642834607669131;1006479,72864583;-0,0263670851150699
2015-05-01;50861,4269513165;-0,000826158379122467;10334,4186386382;-0,00197947638045815;10687,4303769349;-0,00323670160405293;69959,3619931721;-0,00925747159829675;351603,473612215;-0,0177709171585529;46049,1205046065;-0,00237626402282818;56850,0189402797;-0,0042157527437485;20160,7525253706;-0,000362935814616373;22331,7747158958;-0,00382573029617007;11174,0822733012;-0,00111265473196504;6126,0144156573;-0,00152594999200096;16156,5908081186;-0,00247651976667421;6809,3442805032;-0,00112793256663797;17474,0810456905;-0,00431396100889786;2618,59064443717;0,000481271290525125;741,324650423233;-1,4420247611503e-05;5766,69889631951;-0,000190364428234533;78875,4298975822;0,011575441528586;7680,52682037132;0,000865725330321095;111489,93224758;-0,00616485748575698;43661,2482462704;0,00948249401142115;58628,9459500538;0,008978038144543;1006040,58843474;-0,0293964173276569
2015-06-01;57232,4382480472;0,00170354184737627;9943,18860938337;-0,0020938631466507;10524,8445036296;-0,00443372240628271;69931,2998359777;-0,00660299354205941;347256,074102343;-0,0212624365450007;45451,717362002;-0,00296155302741382;56464,402293064;-0,0055349110632362;20375,4685190899;-0,000801003589964841;21838,9898013869;-0,00400588212362015;10987,6674732449;-0,00121422611630917;5904,12004482193;-0,0015923292112443;15707,2108904299;-0,00283347328085479;6348,17992107443;-0,00124688172804717;18314,0299949657;-0,00331346868745511;2574,29640937363;0,000260585958776176;1333,43050164834;-0,000668816088162219;5686,46816181366;0,000328086327171526;79199,017084301;0,00897429621243341;7128,72460496614;0,000619853155107182;114726,308930282;-0,00599556277450701;41790,4124104779;0,00798842110607059;61663,0300274453;0,0116192950969758;1010383,82147555;-0,0330646494610537
2015-07-01;50011,3464380659;2,00932826202537e-05;9801,12494264614;-0,00218170546958359;10680,043681161;-0,00292662139257062;67080,0229300156;-0,00911504086668423;344799,69680271;-0,0255047832246543;44241,8105604884;-0,00376475569576213;54790,0785891988;-0,0053626380881617;19537,6052255995;-0,000547641059068902;21475,7018498493;-0,00408041805647561;10593,0220238823;-0,00187509545853163;5698,67538522196;-0,00174254117404965;15568,1744871585;-0,00273408251189623;6069,13901192269;-0,00113967556417162;17533,6207751245;-0,00188180656292751;2555,95039092852;0,000326661149189132;1103,93188090687;-0,00038714345542363;5755,86104571939;-3,95002817528528e-05;80708,8576263918;0,00923542770797638;7564,66835058368;0,000697997759014125;116457,35443648;-0,0025247900038494;45006,3579780084;0,00898818935489946;61140,1732374784;0,0133318956464807;998175,703982606;-0,0332029274372799
2015-08-01;50737,6370883324;0,000132179948006583;9686,58064256381;-0,00259261523080938;11342,5654239472;-0,00183761756587794;65866,0194057493;-0,00879509492867533;342494,865931234;-0,0303909245021104;43500,9215717852;-0,00395030264791861;54229,4701666801;-0,00702365094846854;19771,3418954827;-0,00015657140836987;21275,9932361704;-0,00422313781850685;10352,6958692326;-0,00196973042453604;5640,27176101135;-0,00168684897373563;15184,2020291489;-0,00319206591951521;5820,13527659232;-0,00112688027143728;18164,9746356389;-0,00149923424066576;2633,44995571302;0,000391832691572539;788,918592479266;-0,000823838128494064;5843,70359932362;-9,94385391737888e-05;80257,5815283034;0,0090851773975486;7787,47000563653;0,00114124024719928;119507,521942185;0,00029287242799822;48472,5972300507;0,0129981360384275;61874,2897978903;0,0131654105651172;1001233,20758515;-0,0321624155128416
2015-09-01;56925,1995940615;0,00202625668927524;9485,27134266336;-0,00244233071725104;13872,5794715019;-5,83475795047427e-05;63404,992139804;-0,0091749962743264;341004,634712548;-0,0309753466748047;42713,3316705262;-0,00396763334540318;51911,1331611031;-0,00808865375401288;19654,0546941503;2,98088983659684e-05;20969,2601118505;-0,00428525064723646;10014,5613278354;-0,00236709469040463;5487,83648961585;-0,00166545673111033;14742,3916848965;-0,00348018198669895;5911,02172251563;-0,00165340129437242;18330,2128431256;-0,00182481115634136;2647,68370204937;0,000369559734787383;1374,42667478239;-0,00018687295132085;5887,5799749206;-0,000138900158654417;81363,8383499767;0,013457033841173;7723,43894446834;0,000596445922565612;119139,597711276;-0,000887602319202928;52473,7351033839;0,0138697652486643;62744,9218785754;0,0117889600999482;1007782,93708182;-0,029057861171948
2015-10-01;53543,6465461478;0,00103355538942022;9171,95298403296;-0,00277142479262258;13293,5190481054;0,0014325097287968;61395,1809484901;-0,00951412520740511;336952,71065264;-0,0363274706091243;42274,1982432846;-0,00434660804681437;51595,4478602798;-0,00763738449960218;19608,0323766725;0,000615605538592979;20604,1590916828;-0,00488758848877445;9750,78337248494;-0,00287936364439238;5275,55561229701;-0,00177898608250815;14522,1569128111;-0,00338585294036914;6042,84240629149;-0,00226782029079669;17329,4231096585;-0,00301422967003529;2705,69553671739;0,000429684311544896;1177,24066319409;0,000486850670759003;5883,75583018418;-0,000433551079158648;80491,6887958329;0,0103319037338087;6873,7638307289;-0,000116565736300101;118878,055867634;-0,000279310435006396;49775,7421781909;0,0125071493148802;62864,896163143;0,0130772683589402;990009,224287611;-0,039726941462411
2015-11-01;56215,1224595266;0,000953774981084673;8880,34412250447;-0,0031704882195584;13093,9644305632;0,00115154037373364;59018,5489669584;-0,011627006956506;334953,738329832;-0,040413986160188;41670,9845071847;-0,00601295939693549;51659,8572616252;-0,00872491140745993;19461,6436540125;-0,000150504180140108;20166,740554326;-0,00483191343029988;9526,07719444101;-0,00290291747946487;5105,28924041389;-0,0018555099509599;14049,8432181015;-0,00354607851962564;6095,09021559618;-0,00262753859651307;16964,7283420778;-0,00432667564789612;2805,84952083497;0,000420223546785379;755,980181779371;4,47063132244381e-05;5893,98010313564;-0,000251989000465754;79377,9190868339;0,00919691549773658;6572,42385601456;-0,000730889736577525;119283,738329832;0,00237166202183206;50122,4552573335;0,0113941417397767;65902,3300452763;0,0127430625182934;987576,648878203;-0,0528986252570021
2015-12-01;66206,9369175883;0,0012306584734848;8666,31320426336;-0,00292846977663767;15859,0411669267;0,00114027515841798;56121,037930904;-0,0138349233876077;335391,840949708;-0,0402874360835162;41027,5890963396;-0,00797288661121502;47897,5202919097;-0,0100672367337809;17317,0265647639;-0,000844600051551835;19783,0018672786;-0,00489725777598591;9357,50628175653;-0,00288130640304959;4969,15023246394;-0,00188561211755615;13952,2602639117;-0,0031309744105293;6467,93522168091;-0,00294399259881156;17563,0241010244;-0,00429605546883332;2665,1733074867;0,000293180948998651;1845,58151594531;0,000393757331370828;5678,3431296835;-0,000344220201177214;80705,1917132003;0,0103629145312407;6437,93552213693;-0,00105326352992091;119679,60137275;0,00447921484107373;52929,0698994251;0,0134686522750421;72365,2752399753;0,0169619573340887;1002886,35579112;-0,0490388835579716
2016-01-01;51288,9473718911;-0,00011102406352017;8227,03912769245;-0,00286764108023272;14854,4091177809;0,00277332905810842;52330,5097214866;-0,0173584079741327;327551,807436108;-0,0437588653932851;39401,6282693402;-0,00888997387160346;47421,3028791951;-0,0100689257637822;18276,5161321516;-0,00163323372893083;19226,8380938986;-0,00496034594293549;9001,98995435396;-0,00292808568049969;4776,49355087545;-0,0021619263713774;13601,927430042;-0,00372054756981398;5983,94751474101;-0,00269484415655594;14472,8584049598;-0,00383067463348384;2699,29355219407;0,000256780104640868;889,890016548614;0,00022437143045956;5410,43650540742;-0,000380687231332128;81584,3109579076;0,00859716018430697;6460,29343571644;-0,000903546797836462;118874,375965611;0,00418289248557169;54259,5922074269;0,0156401927085357;67673,1141612622;0,0150367063614476;964267,52180659;-0,0595585773105092
2016-02-01;47187,4129853327;-0,00294220288703919;7719,1425189167;-0,00316293455025796;14278,0061988421;0,00241390311751113;50675,2957300737;-0,018251723458244;320711,405564582;-0,0444986994391263;38032,0143732112;-0,00956219576319979;47562,0374282864;-0,010839848753396;18085,3179356941;-0,00245094449809848;18738,2683754503;-0,00485986698680455;8882,94447179156;-0,00274746105856927;4561,25810793739;-0,00203844444405485;13158,8303551592;-0,00389531992858828;5701,57263492174;-0,00241583200742475;14118,2917027866;-0,00439447871009581;2950,02069184828;0,000349544147584842;797,398108982876;-0,000148750411119184;5510,15011391407;-7,93991626457962e-05;80452,6542740646;0,00854036466455928;5916,48258181992;-0,00206558026173597;117668,480597581;0,00286167881573306;53123,8598791596;0,0122690932230557;68710,1157001032;0,0167571044208026;944539,785959165;-0,0711618743363258
2016-03-01;48975,6198871375;-0,00538861097383034;7479,12195397014;-0,00292478554156416;15563,9639160948;0,00357218165156088;50710,9258564451;-0,0175012929654873;315775,404637252;-0,0405066420092423;36579,4079055807;-0,0106130385972615;46122,4213931276;-0,011069686660901;17087,6186856419;-0,00281931911828476;18412,4850355244;-0,00457936927393692;8615,72397699375;-0,00244135966697037;4448,18322590719;-0,00201043635752006;12893,1830307184;-0,00368186075443231;5498,25381919443;-0,0024177690559932;14116,3164834784;-0,0045916078365909;2889,44814700754;0,000422301229989448;909,749355876918;-0,000812963562912767;5631,55899473424;-0,000315825847214868;81821,3135339585;0,0108097070128907;4880,84037458902;-0,00357254679527581;114474,06547934;-0,000336105106516658;47149,1051135131;0,00152858951740339;69550,2213224259;0,012757375453689;929583,762784867;-0,0864942143772095
2016-04-01;46557,5325767129;-0,00359008240979893;7384,95586380832;-0,0028966598260919;14737,3686422867;0,00373455933099154;49174,9264396805;-0,019573653709151;311432,677595628;-0,0425032377740546;35303,4363177806;-0,011416312149818;45495,2332912989;-0,0131217764613649;16721,3345943674;-0,00389610302273004;18104,4157208911;-0,00459650240905356;8654,13619167718;-0,00235619977967201;4332,87936107608;-0,00196543501215548;12546,5216477512;-0,00383431446501476;5228,97646069777;-0,00227518119665251;13384,5060949979;-0,00453872852150399;2821,95039932745;0,000308991172516712;869,365279529214;2,71235059684743e-05;5417,2614543926;-0,000305032837393692;81745,9058427911;0,00523259207721028;4442,13114754098;-0,00307336558997442;112217,856242119;-0,000355052468815701;45382,4947456915;0,00355967816148689;68383,4825556957;0,0119132661334346;910339,348465742;-0,095521427251637
2016-05-01;45677,1201095989;-0,00515317861060024;6965,68297174685;-0,00334850870394068;15399,4643579032;0,00468374142667502;48909,7044423483;-0,0209232686959223;304934,30467592;-0,0463889523671272;33885,049184746;-0,0120910343575562;44002,5883753313;-0,0127702904958708;15977,2470017518;-0,00415838642268678;17678,303687733;-0,00462553010450896;8589,47132012757;-0,00256909212499563;4165,57067780623;-0,0019486726086283;12131,129003279;-0,00400129164878197;4655,70565512285;-0,00214070749245925;12978,7741993442;-0,00446831559086536;2833,55679827517;0,000213675428515716;889,162511790864;0,000146950195714912;5505,65736872838;-0,000259474151035265;85711,3450568207;0,00679487014522378;4207,08799353187;-0,00345258319273544;111088,80429412;-0,000398719453340991;47070,2567039483;0,00338853968405172;69090,5796613215;0,0103988187271297;902345,412792526;-0,103072556747981
2016-06-01;50527,365029766;-0,00663616447113052;6873,58800534574;-0,00303805399373362;16632,9107509394;0,00604529300398902;49255,1593915922;-0,0204636495606099;301579,392007827;-0,0452072579980656;32847,4991420819;-0,0124746833352034;42529,8229917789;-0,0137913721549254;15225,0951170072;-0,00509744246949752;17431,6306412112;-0,00436206426359761;8441,14761733229;-0,00252034900182159;4059,10597473351;-0,00182605266520795;11969,3059815542;-0,00369949006449535;4407,32486214695;-0,00192090868606059;12925,4713753759;-0,00533317983231396;2831,72058939507;0,00025477860447676;859,629464637788;-0,000468931733604584;5548,51745357118;-0,000136532974212735;79370,9215852195;0,000170137820167693;3554,5908210223;-0,00353740203274853;109694,695721493;-0,00497990278728056;41243,8265065788;-0,00054096858271238;70422,9603396716;0,0086699035812286;888229,382895777;-0,120899044485274
2016-07-01;48353,2159207293;-0,00166116096667239;6739,70179114035;-0,00306701830077717;13704,6319542662;0,0030301161018421;47882,1799346479;-0,0192329295521526;296543,448936491;-0,0483444424400256;31305,6004147591;-0,0129598527534935;41876,4711121101;-0,0129372087755341;14786,1854562881;-0,00476010360736476;17356,3041376254;-0,00412692644770656;8204,25785466042;-0,00239312994665263;3937,49499044739;-0,00176439918117387;11770,1831958931;-0,00380493261468079;4158,1501975195;-0,0019144813951878;12548,7645224014;-0,00499396672633285;2815,9262954332;0,000260451044307531;725,989930004092;-0,000378632689009394;5434,06320836134;-0,000322385964789674;77750,6632753674;-0,00296360083622703;3490,46812016141;-0,0040816463616242;108800,166454976;-0,00767118248916778;41075,0239610347;-0,00393851904157569;67683,9840097201;0,00655577043814296;866942,875674037;-0,131472673383018
2016-08-01;47987,7292188298;-0,00274652083917093;6430,15993066962;-0,00325240981543977;14415,2142612852;0,00306886429061702;46553,4928030671;-0,0192887395827207;292617,239018819;-0,0498161932050917;30207,7507948505;-0,0132767977292684;40073,2484261327;-0,0141387856827985;14170,4834443098;-0,00559395993734716;17240,4323437639;-0,00403059033782928;8005,54342226932;-0,00234426148591729;3818,93902768571;-0,00181908941845674;11342,9887960918;-0,00383648205428741;4061,39327892179;-0,00175657577510078;13315,6330092004;-0,00484336874736159;2718,21949273129;8,46651273410326e-05;736,46901666547;-5,23849742661823e-05;5659,54242791456;-0,00018393434218311;75975,828417857;-0,00427647932370668;3540,05972462073;-0,00424217879394953;108233,626660952;-0,0112600093522908;40733,4524905315;-0,00772961252272596;65541,1893517483;0,00366238307526975;853382,050207527;-0,147669050784106
2016-09-01;53272,2683961498;-0,00362472022843459;6215,74249081854;-0,00324427883380544;15879,9993882541;0,00199191695243909;43452,1914216343;-0,01979870861472;293985,853164098;-0,0466556634552674;29059,8756890052;-0,0135480126514709;39405,4189088562;-0,0124091347373464;14345,6834467876;-0,00526737559452419;17143,620597275;-0,00379609474799522;7926,35122022221;-0,00207208321432777;3713,5222749355;-0,00176061148625727;11088,247674838;-0,0036259236742384;4004,68971823826;-0,00189160972480585;13784,9586438647;-0,004510151970247;2761,54122007455;0,000112978215680917;866,678092955851;-0,000503827325452437;5768,7549704358;-0,000117907339083232;72250,4713607972;-0,00904298599812427;3273,35899150517;-0,00441571273854767;107488,556237383;-0,0115610624522282;39995,7154052395;-0,0123816540635985;66887,7584890297;0,00411084218437997;852573,532548049;-0,154010748567744
2016-10-01;51160,1733482577;-0,00240752625270258;5997,69028542814;-0,00320629608364401;14568,2501693717;0,00128759519607867;44814,2154408083;-0,016748293956163;292625,346475596;-0,044774698143789;28008,8846505052;-0,0144092734116134;39568,6470882795;-0,0121481704179621;14343,6345695013;-0,0053175239967681;16899,4878346932;-0,00374205731229971;7977,25706206368;-0,00179142402607152;3667,5870423282;-0,00162419554335554;11641,4408377272;-0,00290978710542501;4039,67753100239;-0,00202338001116155;13640,2927921294;-0,00372635953991618;2771,39348728976;6,63609479190854e-05;631,873177413179;-0,000550871115542732;5793,49428554597;-9,11724279166865e-05;72100,4731361749;-0,00847589643995105;3077,68748711302;-0,00383438482237118;105108,756517129;-0,0139082535927006;38688,335444343;-0,0111992963922393;65837,3280508999;0,00300242847726571;842964,195558043;-0,148528948137204
2016-11-01;53898,0230162431;-0,002346247702308;5826,10938543544;-0,00309265588705278;15021,0575311567;0,00195133522322796;45589,7305845735;-0,0135977479800062;293245,240968031;-0,0422331749228561;26727,6306753027;-0,0151313357285799;39331,0509784896;-0,0124838981330107;13849,0413574102;-0,00568320676980135;16741,1469687614;-0,0034686862933178;7891,57556989302;-0,00165506305399651;3628,15441611956;-0,0014957166372577;11416,683153345;-0,00266628425018712;4382,32134531295;-0,00173431487290508;13852,4385057399;-0,00315144129812421;2767,5435059289;-3,87878904888851e-05;690,753493705659;-6,60472158265416e-05;5873,66946205124;-2,05661414812433e-05;68427,6264223698;-0,0110880433198807;3104,99357334577;-0,00351104928068872;103938,017912724;-0,0155387639375026;39660,5743664705;-0,0105934875057513;64209,500579659;-0,00171412463785997;840074,016154845;-0,14935816160792
2016-12-01;66246,1450153904;3,90952549865258e-05;5824,49447201457;-0,00283363983948812;17466,709435266;0,00160304132073981;47640,2778126767;-0,00845635207743686;290347,493090018;-0,044914708032055;25636,1302531566;-0,0153471614747829;36763,5226773039;-0,011101953427039;12092,6846849676;-0,00520930596934386;16743,0224888498;-0,00303123016967429;8112,97097807651;-0,00124095347044409;3507,79304604561;-0,00145715132924064;11411,8996168101;-0,00253304936539656;4974,35988441485;-0,0014892767546806;14997,5934417991;-0,00255804722480406;2699,43133990829;3,41594361352791e-05;879,488504303034;-0,000963312548888134;5737,56171870092;5,90481550331911e-05;65908,5749733024;-0,014754031356051;2976,03555499717;-0,00345193645037563;102683,387618569;-0,016947297822966;37668,9781079214;-0,0152161725038785;67475,6225265406;-0,00487558005470872;847793,048244237;-0,154646941451848
2017-01-01;51597,7602553271;0,000320256439683321;5377,29731843925;-0,00295534355851175;16182,5044588379;0,001377310042102;46854,8063143402;-0,00567861437133902;287393,541099534;-0,0416463952465555;24118,5450107951;-0,015849422398788;37293,5420382365;-0,0105030612479656;13038,9056290873;-0,00543169855316857;16427,6939203354;-0,00290287094635193;8032,76666979568;-0,00100513940648173;3387,66356894771;-0,00144029530241329;11071,7663256047;-0,00262392027857266;4892,5420069464;-0,00113184928778875;12819,5847805;-0,00171453832787219;2675,71435276448;-2,44529644485063e-05;771,559498106949;-0,000122715445419097;5532,508995901;0,00012659608224165;64499,4497637598;-0,0177179681030205;2946,77242717231;-0,00364372015969325;101547,802340499;-0,0179686375754415;35669,4430363904;-0,019279036938014;65311,4992646829;-0,00244912832089868;817443,669076004;-0,152264645868718
2017-02-01;50961,6990354848;0,0039958994912208;5508,70631457044;-0,00234022561802582;16887,0883033555;0,00276227867083855;47719,700935823;-0,00312913742563987;286738,589185952;-0,0359675864200163;23133,4276571989;-0,0157733818495354;37818,827071296;-0,0103152990502103;12788,6287416808;-0,00560769305089098;16426,3479095239;-0,00244766869569042;7871,82249509842;-0,00107049167406577;3341,7691338491;-0,0012910932839636;10903,068297825;-0,00238821285335645;4856,27101235636;-0,000894934903887603;12352,5508506821;-0,00186941924348004;2781,25770583013;-0,000178672183561624;715,212582152206;-8,70111858202054e-05;5720,57963436161;0,000222785237398817;64883,6818846199;-0,0164831303253516;2864,21339717694;-0,00323148821258329;102487,272567557;-0,0160725977409281;34590,2812459067;-0,019621808322698;64847,8091532267;-0,00408908825683228;816202,168184096;-0,135873173033939
2017-03-01;54852,4506448984;0,00632200237680028;5067,81045649969;-0,00259396903647132;18416,1011491821;0,0030681874482648;47854,5782184255;-0,00307271679258095;284042,277552062;-0,0341369205827391;21648,8990374744;-0,0160614992062438;34434,7209173547;-0,012573047146132;12292,6832189544;-0,00515815320646607;16339,5512776641;-0,00222995908582801;7853,31704236482;-0,000820159479060709;3236,15257306048;-0,00130384232316589;10737,2277147639;-0,00231926955081015;4787,13516422665;-0,000764986097473774;12610,2600436776;-0,00162014064799157;1811,52977482999;-0,00115957099868903;815,188398673494;-0,000101723976890621;6002,64927857245;0,000399200479499009;65537,1216316271;-0,0175177241193918;2807,87115098648;-0,00222999723811041;105119,047211662;-0,0100636635903063;35112,3672405319;-0,0129485242265004;63223,5073698226;-0,00680596435295898;814601,328839059;-0,123692386365852
2017-04-01;50246,5754467281;0,00405238208831974;5013,82589407759;-0,0026046660223212;17652,2404751845;0,0032019618154598;45880,4152583443;-0,00361899239760282;283291,213000472;-0,0309131585299317;20879,4023535552;-0,0158446781285849;34592,0486741059;-0,0119770551888906;12622,7812709695;-0,00450222582414509;16419,4423043467;-0,00185092890841661;7692,70525262818;-0,001056123675934;3212,64523324304;-0,00123056762263551;10503,3510823372;-0,00224440541744955;4559,34323508214;-0,00073558637967722;11970,6489052365;-0,0015531100486256;2282,46328006561;-0,000592621993294119;223,333001963367;-0,000709660939796407;5709,50819519348;0,0003210305489853;65527,0194410617;-0,0178163082031598;2868,71241021945;-0,00172838704596624;105004,477533116;-0,0079238349096515;38007,9269391356;-0,00810089975676072;62077,6412257375;-0,0069269128491324;806239,953742824;-0,114352296095257
2017-05-01;48779,9078025606;0,00343858089039248;4840,25283839279;-0,00235545069905814;18231,0995249215;0,00313808340672455;43860,6167968435;-0,00559551539125037;278615,105886142;-0,029167543178755;19730,5982768339;-0,0156862889834035;33040,1803687898;-0,0121487934122873;11729,9319590949;-0,00470697249904835;16495,5994846606;-0,00131070007815771;7628,85296722764;-0,00106457941635351;3220,52701505757;-0,0010473191854813;10262,7164022868;-0,00207061794131575;3902,9269667445;-0,000834246706090842;12022,707142282;-0,00105953556532574;2070,57734117079;-0,000845551433284461;350,662291649891;-0,000596778365032581;6031,39141637813;0,000582630598212646;64288,0868024801;-0,0237417489473806;2895,46863676625;-0,00145356682504375;103694,735888558;-0,00819427715898695;38194,359449231;-0,00983647406955684;60986,2951928497;-0,00898135498178148;790872,600450922;-0,123536741874294
2017-06-01;55709,7773406701;0,00583454275517047;4864,8006009598;-0,00226156378416232;20841,6537672771;0,00473835148598262;43816,6788072686;-0,00612283345839472;279441,510666829;-0,0249236084363974;19155,7102562564;-0,015414699343978;32657,7634838285;-0,0111143131470902;11717,9210805688;-0,00394850035809951;16658,5947184243;-0,000870311135471221;7509,19909276593;-0,00104922055328552;3155,42571089778;-0,00101739514728683;10182,6078633851;-0,00201152782442771;3839,39882291345;-0,000639391186747233;12804,6907561043;-0,000135979085580236;2038,52997659485;-0,000893001997090302;411,722803154625;-0,000504269133748888;6016,28551384753;0,000526629797757139;64904,9199444567;-0,0162863353986345;3101,86827308905;-0,000509691028749016;102264,58015591;-0,00836508643900019;38809,0583721522;-0,00274114793015383;60909,3119279345;-0,0107108012805443;800812,009935289;-0,0984175649261825
2017-07-01;49326,2638138513;0,00112238986030714;4734,04793068352;-0,00231347868093092;19422,6198783204;0,00659557634591384;41743,7727478235;-0,00708052094211144;276849,972542616;-0,0227160023416345;18095,7952525563;-0,0152372267341517;32224,4739227106;-0,011133371598325;11337,0040380935;-0,00397855673652416;16740,0298211967;-0,00071085919697946;7332,04178683573;-0,00100608251396789;3135,62497548448;-0,000924939851820653;10075,8527788731;-0,00195437377082396;3671,02987900171;-0,000561882832405845;12459,0168088739;-0,000103522061309718;2465,5340151573;-0,000404169974871146;480,862616048738;-0,000282749095509634;6004,1040531641;0,000657529879762333;64559,1455282656;-0,0152161325933333;3146,75605455968;-0,000396464490621134;101702,443294308;-0,00818707132825687;36809,3653937864;-0,00492034560400745;58738,7042798424;-0,0103181881769579;781054,461412053;-0,0990704424385596
2017-08-01;50845,9244354604;0,00334925631015505;4686,18863935612;-0,00204359968772415;19676,8816955041;0,0061656645261514;41193,5757159901;-0,00628079426532767;275397,462894621;-0,0201782731661745;17172,692697612;-0,0152745866802197;31073,4969308087;-0,0105459817125699;10842,2273426924;-0,00390007746332147;17066,0369106566;-0,000204357981357694;7035,9489457189;-0,0011361786626689;3096,35081505109;-0,00084673472152232;9886,76925121624;-0,0017064098600638;3554,081900735;-0,000594471582878293;12852,0223281346;-0,000543262751956309;2226,43955269551;-0,000576271717826952;486,617027984348;-0,000292778584480846;6192,70163010218;0,000624760272445351;63510,1881386421;-0,0146073382679932;3277,44345331924;-0,000307735874263617;107493,479282186;-0,000867310694648596;34160,9597636136;-0,00770170022362153;57429,6972843994;-0,0095051121187472;779156,075638719;-0,0869785983320798
2017-09-01;58852,1054531839;0,0065446988957749;4728,62252948571;-0,00174427178954095;22400,7816051991;0,00764835168816077;40341,3729239657;-0,0036487392335198;269907,511165789;-0,0282419534258204;16434,2649300634;-0,0148088232591601;31345,5651092509;-0,00945355854000906;10954,6976545158;-0,00397735287669243;17434,785108716;0,000341512491680131;7039,13642320345;-0,00104063140966526;3081,42467438688;-0,000741399511499608;9729,0049744591;-0,00159428207478673;3551,73571180231;-0,000531278522196469;13115,4662886791;-0,000785260543081533;2462,47760156187;-0,000350777507271282;484,730951298441;-0,000447993195983814;6162,84934877377;0,000462240925026327;63057,1741863015;-0,0107829962150245;3201,22088203044;-8,46121850148673e-05;109165,40343933;0,00196680654269909;31830,2960605493;-0,00957737841132195;56879,9049236447;-0,0117384051736569;782161,641170335;-0,0825874703936404
2017-10-01;55189,4283226633;0,00477986490486492;4628,20640204866;-0,0016246050432461;24237,8837900128;0,0114709897188929;38872,5154417414;-0,00704857932326948;268677,875185659;-0,0284086458429982;15869,5564148528;-0,0144007637567764;31443,0843533931;-0,00963927385967712;10982,8773879641;-0,0039868326546329;17789,3231754161;0,00105560277104515;7013,00297055058;-0,00114388499131303;3018,82770806658;-0,000769616714067123;10038,4581818182;-0,00190160230334317;3556,76005121639;-0,000572880179645477;12706,0282202305;-0,00110830872393152;2147,31103713188;-0,000740342773093385;481,598565941101;-0,000178269269636767;6335,89306017926;0,000643442245223978;61446,8959282971;-0,0126382321621918;3235,32614596671;0,000187005165443984;108803,720051216;0,00438329831036498;32867,9975416133;-0,00690460868136469;56870,6049679898;-0,0106371339733761;776214,279487836;-0,0791847582874127
2017-11-01;59602,1165820892;0,00678998928208099;4730,93865681155;-0,00130365980564029;25268,3894731681;0,0121981298611224;39869,86161163;-0,0068087678739598;267996,935292099;-0,0300548584891334;15502,4984065112;-0,0133620753087576;32845,6018178029;-0,00772009255847672;11237,4938711971;-0,00310871118019646;18250,7386739722;0,00179697464292543;6817,17796205045;-0,00127893207881879;2977,35208134147;-0,000774696422294927;9879,34547449192;-0,00183000265368251;3769,32993797651;-0,000729687379383783;13219,0907614425;-0,000753918978706598;2123,69027481552;-0,000766424408721034;479,152110759726;-0,000251884213624969;6501,04771885955;0,000746813072114678;60023,9907393788;-0,0100034467456282;3171,21592385575;7,88291855675952e-05;106553,515941016;0,00311341379211376;32474,3966193523;-0,00855421975793336;56391,2466904464;-0,00930662505787051;779686,228120174;-0,0718838898399402
2017-12-01;77910,9552910021;0,0137590303432769;4825,36215081583;-0,00117850968849996;31279,3134694475;0,0162924242688556;38832,1019086904;-0,010389535420499;269537,05303206;-0,0245466037980102;15874,344802968;-0,0115143494870654;31666,4391147289;-0,00601217900185774;10099,2636470143;-0,00235130618501965;18835,3624864232;0,00246798437650149;6807,0506522986;-0,00154037630820687;2979,66112812878;-0,000622949101800943;9634,27420339024;-0,00209676809346489;4462,36331628855;-0,00060391692192645;14967,3960532578;-3,56188206589064e-05;2894,1206172734;0,000229642455512363;493,502947242528;-0,000455282757814392;6376,05807837346;0,000753127618815527;60041,7619079582;-0,00692010046260022;3158,41886235218;0,000215127156011386;102405,151572473;-0,000328188638338537;34034,1565882769;-0,00428739245641619;60336,7670030876;-0,00842051670302969;807449,782160335;-0,0475862194995014
2018-01-01;61738,0044395139;0,0124048231918522;4550,05998109809;-0,00101198084789894;27525,6212074504;0,0138763283364029;37810,0033565078;-0,0110647415840363;267252,874174563;-0,0246385991926968;15267,4687469578;-0,0108277507046351;32673,8265405458;-0,00565141755016903;10830,0394262907;-0,00270216320262578;19154,8667841613;0,00333622115748791;6637,55445452185;-0,00170679921816619;2892,311619804;-0,000605976861627213;9440,19894660415;-0,00199593860803249;4243,87954497518;-0,000793525580428604;12489,9747906999;-0,000403220432513293;1921,28223667132;-0,000922916336175107;482,234186893598;-0,000353939142424811;6332,46751995652;0,000978609969491539;58876,3108633222;-0,00687893137247456;3033,37332073206;0,0001059411147653;104288,337048139;0,00335256704689878;32103,0187274881;-0,00436289917436587;59920,6048508129;-0,00659482068038231;779464,312767709;-0,0464611296717535
2018-02-01;59848,2614980289;0,0108876976917559;4512,6544021025;-0,00122034950566718;28042,7680683311;0,0136677899175335;38133,0197109067;-0,0117454738526914;264357,61695138;-0,0274208683914261;14848,1590013141;-0,0101510005472273;33844,9080157687;-0,00486879257423255;11408,0775295664;-0,00169143291445298;19580,9960578187;0,0038650327961187;6857,27266754271;-0,00124301290428192;2891,80486202365;-0,000551290218729187;9281,46189224704;-0,00198677051935031;4217,26084099869;-0,000782906731036202;12414,1596583443;7,54822886580729e-05;1797,43166885677;-0,00120537052622906;471,975689881735;-0,000298010593149526;6199,99474375821;0,000587372991746905;61866,9658344284;-0,0036960402309433;3331,08015768725;0,000571998922214348;104211,796320631;0,00211286347953582;32906,4067017083;-0,0020630606114962;57256,2102496715;-0,0093011256273004;778281,372536137;-0,0464600525778144
2018-03-01;66412,5249194599;0,0141910820241805;4556,51582019612;-0,000627662413750599;30256,6154475404;0,0145353486167681;37770,9460305598;-0,0123786100401242;264460,87518557;-0,0240380191797599;14539,6851614337;-0,00872723088504232;33318,9774184752;-0,00136968043063419;10752,0269342247;-0,00189130097163639;20564,2180288631;0,00518617709256618;6889,22540118563;-0,00118351346486652;2922,96569345277;-0,000384466448212225;9225,20208242863;-0,00185615414412615;4100,21081812581;-0,000843264455607773;13289,4747977661;0,000833800203906427;1863,33617790525;6,35972484222386e-05;470,462436502085;-0,000423183648205804;6717,15812116867;0,000877127028032851;67101,8830729456;0,00192089232600264;3630,83741504156;0,00101026874732446;105979,28705602;0,00105602558442083;33724,0978499076;-0,00170423167932069;56881,3044466214;-0,00778565256238894;795425,652248558;-0,0235399525039183
2018-04-01;62155,9945504087;0,0147715565922939;4472,62366380214;-0,000671266944490929;29172,02499476;0,0142882828692586;36868,7192150493;-0,0111774366941999;265258,313246699;-0,0223666659907624;14158,9616956613;-0,00833553413806332;32993,749345001;-0,00198241146656782;10930,5445661287;-0,0020989243921551;21500,3235694823;0,0063019467610709;6811,07996227206;-0,00109350235778236;2879,60464263257;-0,00041307874791417;9170,18248270803;-0,00165356305333186;3694,58708866066;-0,00107257912784774;13483,0695870887;0,00187589398767829;1727,76278557954;-0,000688009186236643;458,56345629847;0,000291762338548329;6848,02583315867;0,00141213249564205;72004,2424282121;0,00803386505106953;3692,41380213792;0,00102165786760453;105560,872982603;0,000690111482200762;35791,8557430308;-0,00274864968650724;56756,4641846573;-0,00659999174734223;796391,066469294;-0,0122158263526988
2018-05-01;62011,1480742479;0,0167299262411461;4421,25036885073;-0,000529797680818828;29283,0722104346;0,0139744033099791;36061,6012337179;-0,00986127924861602;264005,468475558;-0,0184728076333089;13859,0234940352;-0,00742417271688386;32849,2949681735;-0,000241360492837235;10395,6205123161;-0,00168713829005843;22311,8913962932;0,00735427160874763;6734,15417257999;-0,00113128055534801;2827,00268382818;-0,000497582456396926;8947,48514058482;-0,00166301280503599;3107,32186266106;-0,00100598390136391;12749,6522264533;0,000919168376495547;1672,17425211123;-0,000503751285393378;452,407014487052;0,000128648688523474;7025,29648573075;0,00125671956366415;73763,9896300252;0,011981579362014;3790,26163811879;0,00113139967276951;110007,419520283;0,00798192228195311;37502,1604114266;-0,000875234566742743;55733,7301698821;-0,00664148058735726;799512,508255231;0,0109245253905403
2018-06-01;70953,1922643851;0,0190349479460813;4371,5794158344;-0,000615901333903887;32270,5930862768;0,0142716882079769;34194,5155675731;-0,0120155081596154;261701,555518331;-0,0221524589147108;13995,4672056077;-0,00644376331352176;32201,1181077856;-0,000570227931621354;10243,8183670799;-0,00184075999760287;22748,245649683;0,00760434515929755;6708,07638478648;-0,00100038797875194;2751,20914825373;-0,000504758367293608;8727,12614432467;-0,00181750735628711;2780,06798547317;-0,00132282086719189;14362,081322877;0,00194476424860131;2176,17009551072;0,00017187569268222;444,639862344037;4,11046023049426e-05;6802,13481720541;0,000981315581694863;71162,6860456818;0,00781427603930505;4006,0341443881;0,00112906132785411;112510,986706208;0,0127950210825712;38274,3000737443;-0,000667770078087567;55084,0383311593;-0,00727420858391706;808468,567398691;0,0095609923033253
2018-07-01;66438,2115780926;0,0219087766726342;4258,12218070739;-0,000609337470674853;30397,0478314046;0,014050784542276;33082,7436076276;-0,0110888927316769;257587,095370383;-0,0246626555815424;14253,0439468812;-0,00491995308333285;32105,8364173077;-0,000151894024378798;10029,0123115285;-0,00167464855677326;23544,8482151149;0,00871234815254225;6777,62654832636;-0,000709829168003292;2704,87170798501;-0,000551502217554357;8655,80253146049;-0,00181811937268154;2721,91698066234;-0,00121516865369859;14374,4915147072;0,00245242143853888;1686,41666551409;-0,000997519876187205;442,111760068444;-4,96135133909068e-05;6980,03916136974;0,00124950967752142;70472,6145549099;0,00757113532896726;4006,70440871667;0,00110100946431098;112421,030613838;0,0137232265470345;37173,6090501886;0,000466348602303255;54689,7573852376;-0,0051839495126687;794804,019671574;0,0176038406267647
2018-08-01;67919,3561927476;0,0219127236392158;4317,40071313304;-0,000473317141139871;30279,3845519484;0,0136076752629475;33294,8474358062;-0,0101375430766023;257801,817095021;-0,0225829539802742;14344,7744612938;-0,00362946311366432;31184,6631899948;0,000142675213172021;9600,85848877498;-0,00159322232442295;24869,0384866391;0,0100146836044191;6933,00554131663;-0,000132121673206335;2698,77530376382;-0,000510264276590993;8669,98893516541;-0,00156166441370988;2768,08403341402;-0,00100878102846936;15520,8902890503;0,00342533164324988;1566,37729009445;-0,000847150247862686;442,509581612796;-5,66092567979972e-05;7491,74053111206;0,00166723836420704;73521,6341247805;0,0128490892892433;4032,701777493;0,000969328672120834;115775,434583986;0,0106293919289667;40890,0179173193;0,00863634176014033;55574,9382979733;-0,0023804716980556;809499,305110589;0,0389437115625331
2018-09-01;76720,133915128;0,022844419262505;4341,34762430548;-0,000495134106296437;33079,5620006967;0,0136529073191561;31870,8612077161;-0,0108296179081031;256775,165474932;-0,0167898104427706;14564,8976151534;-0,00239000126893573;31837,9641712082;0,000629536193082275;9933,84383063397;-0,00130516989091198;25858,1318898684;0,0107693171561682;7090,90315952315;6,61841921092504e-05;2713,47491453168;-0,000470426751310186;8563,8414392924;-0,0014896710268523;2581,88676850042;-0,00123995973754314;16505,8227691145;0,0043345982492346;2177,57157787212;-0,000364254661304349;437,212227136118;-6,07530741231721e-05;7382,73170918925;0,0015596294885929;72619,6774936378;0,0122257380111713;3906,25778662148;0,000901395398956291;115996,011921281;0,008732988326722;39255,7153063574;0,00949345871103775;56454,4982315881;-0,000543885904990246;820664,32945011;0,0492259991453474
2018-10-01;70752,0011991324;0,0200493256665385;4272,24949007483;-0,000458580731352554;30244,8641571099;0,00773881713572777;32198,2245199062;-0,00859851602606309;256619,152172252;-0,0155353016970574;14790,1812218219;-0,00139056343274578;31462,9412248785;2,5581687956694e-05;9927,38092439;-0,00135980036887571;26873,7592800503;0,0117035158263622;7052,80355977734;5,12752602967103e-05;2683,36145024482;-0,000432182538619499;8571,96645956161;-0,00188928722520306;2737,23996755289;-0,00105579104291181;15645,8988496558;0,00378744723862225;1636,427908043;-0,000658172804326623;439,479670591278;-5,42619434643924e-05;7700,40220898997;0,00175790266279441;73064,5516773158;0,0149670729539843;3336,24230703667;0,000130010699025726;113166,015177254;0,00561996247855177;36067,9697924443;0,00412253721091344;57063,6884783363;0,000248750268384528;806308,914579451;0,0387710402744361
2018-11-01;77005,1878373523;0,0223206087623504;4400,87115180337;-0,00042333376312671;30295,8214460325;0,00644801946160512;33499,3422796521;-0,00817061928532099;259015,140183429;-0,0115197560053415;15148,4400556061;-0,000454103635713582;32609,0048635668;-0,000303451498440021;10305,0468587092;-0,00119592597490923;28145,6724661641;0,012690917750399;7123,75799386213;0,000393209499866171;2663,60159199838;-0,000402406093666094;8510,6093792031;-0,00175549605203218;3240,57411490741;-0,000678164887359798;16554,3474141807;0,00427769086133478;1589,05643465404;-0,000685703839415613;446,756705812129;-4,15492845445052e-05;8045,85536533693;0,00198131965239647;71810,3178008117;0,0151167567623322;3285,03805245269;0,000145984531330466;113463,499294125;0,00886251815652643;37044,8119662986;0,00586186491707777;57333,0714691035;0,00120795359041778;821534,766059882;0,0536735630698595
2018-12-01;96668,8583816446;0,0232310460725566;4466,16066509692;-0,000444859226734652;37636,2566438132;0,00787286505590186;34508,3585590743;-0,00535481394031452;262445,342713911;-0,00878284999864016;16009,4682302705;0,000167345920808831;31437,5427644929;-0,000283480601881639;9342,46815576961;-0,000937266326606591;29539,0280770339;0,0132561378145066;7356,21587417976;0,000680123066491959;2650,09817453207;-0,000408152879445905;8447,1218638555;-0,00147024912974589;3828,74175833871;-0,000784719461134268;18783,2447001437;0,00472580305449655;2149,04251648332;-0,000922754723887127;446,087526786012;-5,87224388489598e-05;7934,4383318858;0,00193000269235677;72295,77756386;0,0151761953828462;3439,73652171015;0,000348402669210341;112367,545254391;0,0123380969343553;37014,6939287654;0,00369129747303172;58085,4585529966;-0,00278817147497096;856849,57260014;0,0611800158118019
2019-01-01;76222,0745153832;0,0185820823848106;4275,94700337898;-0,000351668412817772;33517,3972968166;0,00768704351337229;34848,2304819491;-0,00379975430054266;258782,251467188;-0,0108672360858921;16013,2002489774;0,000956723085078306;32104,3748888494;-0,000730567958492457;10356,8957851681;-0,000607011294003433;30058,0739818602;0,0139880774771894;7405,4597190112;0,000985170522769263;2610,03467899698;-0,000362142225350539;9273,68397652499;-0,000213627445607999;3580,49973323848;-0,000851071435690459;15615,9523386093;0,00401041779168783;1478,35230304108;-0,000568249150570458;465,738929397119;-2,1162299833725e-05;7822,7280810955;0,00191190351723402;72270,6695714032;0,0171840563944749;3468,80668682198;0,00055863156139091;112860,554863952;0,0109975757393876;34846,123065979;0,00351921735679055;57670,491730393;-0,0028867429638057;825548,59505602;0,0591230176076634
2019-02-01;76074,1277367078;0,0208483291663589;4351,02000805615;-0,00020768118029041;34408,4160029422;0,00817910868644815;34464,0234445692;-0,00471422854999288;252554,311111457;-0,0151658593619683;16093,6329644498;0,00160028751436924;32286,9396450234;-0,00200180606362001;10595,8406224642;-0,00104362886709644;31205,2175258274;0,0149357570130833;7641,30183715287;0,00100738524301988;2572,63107300547;-0,00041010076854096;9220,34333995598;-7,85301491822899e-05;3762,42048441991;-0,000584416346875447;15660,3145985643;0,00417092719261926;1534,97522830628;-0,000337225648476251;475,286246358678;4,25367559055836e-06;8087,21056718033;0,0024248503048099;73288,509670301;0,0146753401005268;3515,85918664002;0,000237419313211415;115599,477566342;0,0146318306560551;35459,7114087952;0,00328069615589879;58172,7283208761;0,00117761789443587;827023,249392383;0,0626275773470133
2019-03-01;85104,2291891599;0,023498996061871;4280,1006089847;-0,000347506030802551;35803,9267731151;0,00697401612569722;34337,6538637597;-0,00431629550429339;251611,598135769;-0,0161539636212113;16759,0411436474;0,00279014886676071;33095,2791614437;-0,00028123088110016;10552,3745671148;-0,000251000664292795;32614,1583630615;0,0151490466772537;7694,80861308709;0,00101276996740573;2655,53687418759;-0,000336208441994801;9081,93610972154;-0,000180112336460474;3869,79412724748;-0,00028967721901724;16648,6541206419;0,00422312168758942;1984,88364007903;0,00015280807430611;491,534668477075;2,64917681689305e-05;8262,36453325659;0,00194261576518162;75875,457511101;0,0110300370793344;3379,30084577989;-0,000316228887703848;108412,553235461;0,00305907431142369;36433,9659138537;0,00340681502574836;58701,9443376784;0,00228888757347764;837652,137723637;0,0530866528577627
2019-04-01;76491,2814145628;0,0180003109875502;4262,05650876324;-0,000264401704017631;33495,8707350518;0,00542929965231912;32591,8922772893;-0,00537025981057364;252311,467251651;-0,0162568950609233;17166,2713319429;0,00377617198748117;32612,6019784981;-0,000478593222036905;10759,7252630123;-0,000214491736922238;34273,5200154408;0,0160388494845717;7894,53810078011;0,00136045993498073;2667,40951568856;-0,000266445890565746;9033,57166726202;-0,000171537352938492;3739,13655324199;5,59391817123741e-05;15103,5850915502;0,00203482381042507;1515,95012848138;-0,000265965636753316;499,103799131166;5,09050698075096e-05;8395,71287003215;0,00194337568819672;74847,9666236475;0,00357076355469769;3287,66506689098;-0,00050822862320812;109052,109140039;0,00438382134660767;36200,5577129161;0,000513192559651944;58539,0769217473;0,00223836355296281;824736,928027379;0,0355928924262714
2019-05-01;78231,6942220091;0,0202880455030768;4345,45835531048;-9,47977833463233e-05;33954,9689762647;0,00584343173820446;32299,3100455526;-0,00470573149177574;255035,592040278;-0,0112191821174309;17747,9191560777;0,00486408357829101;32151,4279549269;-0,000872865660062691;10276,2540877487;-0,000149299008251733;36303,5020378806;0,0175001772919365;8257,61184368257;0,00190548322305452;2654,63864780628;-0,00021558641577484;9443,77099017022;0,000620735566312077;3091,04593622632;-2,03573130710098e-05;15010,5492687605;0,00282784449144035;1559,48386478063;-0,000140948873428543;524,309230400384;8,9932571624481e-05;8543,0346199952;0,00189832944274581;76266,827283625;0,00313045465550224;3371,29801006953;-0,000524023856691829;110059,43620235;6,50604981525235e-05;36702,6802685207;-0,000999959518645439;57661,6056581156;0,00241131372971342;833492,418700551;0,0425007865348783
2019-06-01;90703,6893946804;0,0244295176420328;4428,78202509651;7,07542773693314e-05;37127,1115132128;0,00600705905309611;32381,9140550834;-0,0022420185342788;256314,079391746;-0,00666380406590145;18760,5398742298;0,00589394920318795;33831,6344378024;0,00201679619439398;10800,5202549925;0,00068858816577601;38140,4681288081;0,0190387395377048;8735,54764137645;0,00250779231048341;2666,78235879615;-0,000104428041932698;9484,19069208154;0,000936418035635923;2666,78235879615;-0,000140123724341601;17005,7784694694;0,00327000609943152;2664,71428407045;0,000604283466618442;539,767503408914;0,000117663994496357;8511,1615336375;0,00211390619913772;73652,4132812455;0,00307955972063896;3350,28105564154;-0,000811105236727384;106386,934077062;-0,00757488030592384;34894,6248468146;-0,00418034214713385;57732,3740427711;0,00327574357050512;850782,159295548;0,0523379554915844
2019-07-01;83302,96993978;0,0212187632979716;4303,75628328274;5,74155407444945e-05;33618,8386502762;0,00405356633727511;31106,7660379237;-0,00248611924549706;256365,576320111;-0,00153688081594814;19049,0239138008;0,00603416672313935;33592,0046782462;0,00186985498834366;10294,9565769173;0,000334603573719628;39729,7597421988;0,0203633991858418;9347,51094908675;0,00323335606911287;2690,62173393719;-1,79289154245898e-05;9535,34875329717;0,0011066202485993;2557,4839496342;-0,000206885001784579;15975,5020405116;0,0020143462868569;2624,56887970935;0,00118035665519523;564,545488478575;0,000154042663826389;9005,89384362713;0,00254887322172139;69656,8630866471;-0,00102635548899198;3241,75023640074;-0,000962443763975956;106451,399119096;-0,00751082197245082;34066,7595680088;-0,00390895038938484;57421,6039167869;0,00343713225390852;834501,439556064;0,0499461740277733
2019-08-01;86295,9591237359;0,0227011966717843;4371,19043658328;6,64481403636206e-05;33244,7589642691;0,00366322045442108;31042,6686877262;-0,00278218737664297;257420,848127986;-0,00047062296981547;19254,8876849212;0,00606561758932773;32897,331799852;0,00211571350221634;10370,2369343376;0,000950437437938835;41952,0878386518;0,0211032291740866;9948,58200778978;0,00372523663384885;2757,76755138214;7,28749824068814e-05;9539,29837493045;0,00107388534403532;2505,18697190976;-0,000324765024311352;16257,9417888958;0,00091050294322968;1975,28322558811;0,000505134387283744;583,51268563824;0,000174185577597477;9385,68814496561;0,00233965316819489;70634,9322553074;-0,00356603378316512;3725,82128250282;-0,00037909914567283;109139,552919446;-0,00819751372563941;36818,0009579478;-0,00503029086456743;57401,771773236;0,002256744957938;847521,247655322;0,046969703747354
2019-09-01;97483,5132674297;0,0253006967735692;4352,31089704352;1,33590218858294e-05;36341,7959903134;0,00397511366407571;31484,1219796321;-0,000471251416938126;255225,905393049;-0,00188781213741903;19969,0624617433;0,00658510995623623;33209,5760390525;0,00167134334784998;10867,369649798;0,00113752454647267;43981,0298325886;0,0220832041705329;10728,1369552243;0,00443206030185123;2802,18689745669;0,000108097768772836;9664,81170999877;0,00134155979637142;2331,88979578564;-0,000304627560554867;17767,1231808931;0,00153692608112224;2166,87326888352;-1,30361569337025e-05;606,435736365306;0,000206203076162183;9667,90576987819;0,00278454171661163;72157,6018011263;-0,000563050782067254;3913,98574745975;9,4167134612201e-06;109514,249431888;-0,00789818962124989;37394,8077026076;-0,00226756243322623;58379,7531580921;0,0023459712545249;870012,509372896;0,0601319908175517
2019-10-01;91883,1342309581;0,0262072422240887;4377,84049324775;0,00013095601606736;34927,9342718519;0,00580803465032332;30548,0331335144;-0,00204659945655261;257466,270420614;0,00105061252957063;20372,5676801572;0,0069233842729457;32565,4046764137;0,00136729661746354;10306,3164165585;0,000469963168354876;46864,2209544302;0,0247925594185032;11353,1241221692;0,00533334121034095;2903,44893150674;0,000272956775352922;9693,27450234757;0,00139066804609348;2418,16701286243;-0,000395720484942024;16338,8549169035;0,00085941759382513;1390,93543560472;-0,000304464539581985;629,527074929248;0,000235700487619058;10186,799001351;0,003083677666714;68092,9866693929;-0,00616583162858361;3797,76890047334;0,000572394258691015;110734,945834854;-0,00301505948705526;36070,5619741375;3,21487415850905e-06;60402,6591943161;0,00414105643086112;863325,806171139;0,0707134580316846
2019-11-01;98103,5747828798;0,0256816726658038;4503,23926376869;0,000124605940240707;35954,1575090879;0,0068875186989262;30217,7298013598;-0,00399449008595358;260768,613729524;0,0021343875129037;21081,0642976105;0,00722139157963771;33583,1143911509;0,00118571917808904;10677,3822379728;0,000453219260639948;49075,3645603602;0,0254763315672881;11512,8340931906;0,00534253239260785;2915,36819170456;0,000306458850078453;9838,85509985246;0,00161678577161097;2556,58518639634;-0,000832574538252977;16844,3495520708;0,000353000444863648;1518,16465960424;-8,62918746455519e-05;647,85959815657;0,000244789265960026;10240,6920657977;0,00267162972418963;67793,5864944408;-0,00488930167330024;3903,55909775351;0,000752884808840495;112062,283877972;-0,0017056069615577;37012,0548275967;-3,98731009997946e-05;60962,3580733722;0,00441769083209333;881773,816485923;0,073325016681826
2019-12-01;116620,504581552;0,0232848878471901;4431,76970067196;-4,01365251552841e-05;44362,2883323152;0,00784972287269938;32268,9181429444;-0,00261357476007632;259778,928527795;-0,00311188132827644;22488,2162492364;0,00756112651057982;33265,1288943189;0,00213291362716109;9755,36591325596;0,000481878932650216;50731,7538179597;0,0247333095780344;11703,1960904093;0,00507321279631204;2904,5167990226;0,000296923325430967;9963,12095296274;0,00176927098709623;3088,9627367135;-0,000863370940806242;18995,9047037263;0,00024818825892308;3033,223579719;0,00103189765334491;669,883323152107;0,000261184464020889;10114,1233964569;0,0025438363211839;68509,5045815516;-0,00441883044980558;3661,55589492975;0,000258877847772605;107698,185705559;-0,00544945075325518;34897,7794746487;-0,00247057887616468;63717,9639584606;0,00657350553186594;912661,808796579;0,065136563034133
2020-01-01;95339,7871017478;0,0231575859990013;4354,72641435115;9,54267397993971e-05;40746,9303206275;0,0087572470804342;32499,6488740336;-0,0028448738475004;259706,943319041;0,00112009378659248;22395,5913715295;0,00773109076894381;33784,0201109648;0,0020345806802584;10788,7183902225;0,000523073514558076;51768,2513758061;0,0262978794028141;12112,5309486028;0,00570174942793307;2855,95619928649;0,000297888606149018;10040,3445986248;0,000928668071983997;2904,49936414689;-0,000818849881327367;15381,1040492027;-0,000284475427386189;2596,04800409647;0,00135388238529986;686,683519587652;0,000267633657804893;9875,50010128634;0,00248655504047165;67423,422043283;-0,00587154718347163;4306,18324949075;0,00101432740323657;108985,473007191;-0,00469394761249315;36308,2646837053;0,00177111514268527;62781,4819035079;0,00619102279832243;887641,097634401;0,0752136251581508
2020-02-01;95972,5951634782;0,024060348292977;4339,83039431217;-1,35299869165686e-05;41560,2818653819;0,00864772044521621;33985,2501520183;-0,000578911527460239;259840,03110529;0,00880957095122292;22396,2284017026;0,00762082014246074;35119,1342438842;0,00342456466724681;11562,7931147388;0,00116919626260202;53071,6265026428;0,0264398963304608;12751,1520651106;0,00617860529521023;2883,13232611441;0,000375444406595664;10136,3588568221;0,00110760552081109;2930,54562888816;-0,00100586634794479;15016,9026614902;-0,000777985307603824;1725,03718602367;0,00022981452801602;711,199541606249;0,000285255941016045;9961,83755086767;0,0022667161836921;67274,432667571;-0,00727195638955569;4150,17718321718;0,000766989316253431;112485,538846532;-0,00376523721926538;38851,6708452219;0,00410140759515384;62620,8674400112;0,00537849343703837;899347,632536601;0,0874514509687061
2020-03-01;108151,7413326;0,027514419298294;4209,77659115003;-8,39537257384441e-05;48928,5719894774;0,015668371899616;40762,0489614826;0,00766952629665759;265526,416427814;0,0166116907787753;23402,7690525737;0,00793136865498966;37366,8076877773;0,00509940622600413;11053,6878165613;0,000598474267383628;54700,8853900821;0,026367421549287;13406,5658251207;0,00681876993420639;2867,00302328321;0,000252451034949056;10209,9179394558;0,00134659935662507;3036,36185166281;-0,00099496227377819;16490,3078251993;-0,000189035863828853;3929,52805371236;0,00232154175469306;754,05002159488;0,000313394237650016;9199,8134987632;0,0011191387489969;88308,5319407908;0,0148427657135542;4907,37366995171;0,00182423318147845;132070,651576426;0,0282433450301432;44188,540971377;0,00925751240675724;63657,7496171817;0,00591630470014783;987126,076799246;0,178443929578944
2020-04-01;96065,1733150035;0,0237334975981467;3647,48134345854;-0,000745177212780631;40083,8683042287;0,00798799877305628;59174,7472294169;0,0322319203236223;278787,101198257;0,0321019140126677;24207,6672805805;0,00853774786764958;34445,2888833457;0,00222214726001309;10015,1525438351;-0,000902800267423564;54117,6210307376;0,0240611282712419;13838,5866884475;0,00720720557752211;2807,15503449983;0,000169442538659596;10579,4149751215;0,00187434714674029;2669,62870716122;-0,00129678665976415;15726,5400203679;0,000755337741827254;3289,5084031801;0,00215045333175604;818,079403065693;0,000386760423954168;7409,23088536753;-0,00119611715098547;92330,7267939631;0,0211979839585106;4724,43383327926;0,00174209340889436;140987,743650962;0,0387222075617581;46378,7314489554;0,012341115560793;62858,6326007003;0,00523749517229035;1004964,53601993;0,218527389604851
2020-05-01;91021,2138883398;0,0153444942981846;3235,0601508006;-0,00133222352069025;38380,1770636243;0,00530923615869079;72796,4664934625;0,0485873123009884;290681,371184095;0,0427667706916764;24415,7206800147;0,0079998346407666;31120,3244754455;-0,00123708801225681;8521,59710259524;-0,00210518649694389;55171,6314139674;0,0226374337099586;14373,5336477366;0,0073377053789991;2756,95744260258;0,000122759118740179;10514,1992601169;0,00128426875389645;2442,28262404338;-0,000778367382386509;13596,9974019373;-0,00169593848139257;1623,11301572958;7,6340407568611e-05;898,345852983536;0,000448758278049236;7652,68857134789;-0,00106821133422594;90600,9707435543;0,0171976890710977;4265,36641156703;0,00107267730508142;144625,56168987;0,0414714335871355;46329,2690124538;0,0115497016264902;64205,8439467962;0,00785158705928408;1019230,7222332;0,222843422885869
2020-06-01;93422,603775073;0,00319578208203599;2870,28937406346;-0,00183183513429982;39488,4996319567;0,00277554964328254;70253,7494413628;0,0445141391042302;302492,051907253;0,0542770814020625;24369,6173663871;0,00659284804091534;29237,4661531586;-0,00539993491218457;7741,17550408791;-0,00359592019823005;54586,1204947554;0,0193300390543737;14900,1935513552;0,00724585705356479;2679,94919687689;1,54761567774796e-05;10519,3321328111;0,00121669387330198;2104,8788743132;-0,000660455180381548;11844,6262388601;-0,00606636161115872;2333,69206603749;-0,000389079877165084;921,327453403086;0,000448481371906183;8059,08409789952;-0,000531366849667247;86787,0212150687;0,0154382738170001;3757,19360393281;0,000478280537321321;138485,640723994;0,0377284670302796;48670,3882857068;0,0161918809514043;67944,3561213491;0,0120030515061971;1023471,28210521;0,202976897109181
2020-07-01;88097,9121099122;0,00574587645131322;2689,50432490182;-0,00193439086125443;37940,5732015125;0,00517882216420788;75128,569423889;0,0527522198276662;325113,254986781;0,0823817376555298;24092,5514956134;0,00604376139182644;25893,2886373799;-0,00922552757363936;6802,44848567628;-0,00418514327920033;55407,2190684856;0,0187866174738139;15257,338113209;0,00708186575120362;2585,59624333209;-0,00012585417547149;10943,6395035765;0,00168758336837441;2157,85812114216;-0,000478879735311946;11235,1874217673;-0,00568041514855396;2281,94252923027;-0,000410576104771427;921,049305564651;0,000427205754463082;8422,60750510325;-0,000698963849402317;80128,2631351469;0,012548091054307;3409,79918160846;0,00020137645933495;133013,441388833;0,0318298339711283;46352,0837270307;0,0147217531051324;71268,8381609204;0,016593421638074;1029142,96607062;0,23324288885361
2020-08-01;89502,208649248;0,00378309043505663;2611,60909274171;-0,00207615012450658;37537,7293064251;0,00506532473850361;76314,3375312182;0,0534165591349321;337734,898114032;0,0947634648785916;23661,4803003662;0,00519938895648446;24269,3461547076;-0,0101802588065064;6926,04769797628;-0,00406383821749562;56179,2843063691;0,016786831606968;15889,049848249;0,00700922585350347;2549,21226663382;-0,000246076762470907;10702,062077925;0,0013719581735695;2314,72096851866;-0,000224733012792328;11288,7935234234;-0,00586315479313307;1391,85178237448;-0,00068839742346011;904,753978564469;0,000379036270553626;9233,72386354728;-0,00017930439129254;81169,2131625808;0,0124295183588808;3604,92630836255;-0,000142645360779729;132344,674575265;0,0273799880770141;48764,1260037406;0,014095369383177;74229,0758587092;0,0198547282820651;1049124,1317714;0,237873545558667
2020-09-01;96530;-0,00109597650281724;2548;-0,00207389075169053;40229;0,004467986342505;74356;0,0492773121748214;353447;0,112896186605119;23400;0,0039435496631304;22868;-0,0118866980964523;6441;-0,00508770805259861;57015;0,0149813594942517;16683;0,00684457175112105;2479;-0,000371473851208928;10368;0,000808250780794041;2670;0,000388626830731514;11025;-0,00774945544835071;1562;-0,000695246634234613;876;0,000309839526133936;9719;5,87281557119665e-05;76693;0,00521302642204863;3749;-0,000189636063484507;127488;0,0206591863616625;50737;0,0153356327106256;76118;0,0203884963156376;1067002;0,226421446249197
