"Data";"Saldo (em R$ milhões) - Pessoas físicas - Cheque especial - 20573";"20573 - Contribuição para a variação total";"Saldo (em R$ milhões) - Pessoas físicas - Crédito pessoal não consignado - 20574";"20574 - Contribuição para a variação total";"Saldo (em R$ milhões) - Pessoas físicas - Crédito pessoal não consignado vinculado à composição de dívidas - 20575";"20575 - Contribuição para a variação total";"Saldo (em R$ milhões) - Pessoas físicas - Crédito pessoal consignado para trabalhadores do setor privado - 20576";"20576 - Contribuição para a variação total";"Saldo (em R$ milhões) - Pessoas físicas - Crédito pessoal consignado para trabalhadores do setor público - 20577";"20577 - Contribuição para a variação total";"Saldo (em R$ milhões) - Pessoas físicas - Crédito pessoal consignado para aposentados e pensionistas do INSS - 20578";"20578 - Contribuição para a variação total";"Saldo (em R$ milhões) - Pessoas físicas - Aquisição de veículos - 20581";"20581 - Contribuição para a variação total";"Saldo (em R$ milhões) - Pessoas físicas - Aquisição de outros bens - 20582";"20582 - Contribuição para a variação total";"Saldo (em R$ milhões) - Pessoas físicas - Arrendamento mercantil de veículos - 20584";"20584 - Contribuição para a variação total";"Saldo (em R$ milhões) - Pessoas físicas - Arrendamento mercantil de outros bens - 20585";"20585 - Contribuição para a variação total";"Saldo (em R$ milhões) - Pessoas físicas - Cartão de crédito rotativo - 20587";"20587 - Contribuição para a variação total";"Saldo (em R$ milhões) - Pessoas físicas - Cartão de crédito parcelado - 20588";"20588 - Contribuição para a variação total";"Saldo (em R$ milhões) - Pessoas físicas - Cartão de crédito à vista - 20589";"20589 - Contribuição para a variação total";"Saldo (em R$ milhões) - Pessoas físicas - Desconto de cheques - 20591";"20591 - Contribuição para a variação total";"Saldo (em R$ milhões) - Pessoas físicas - Outros créditos livres - 20592";"20592 - Contribuição para a variação total";"Saldo (em R$ milhões) da carteira de crédito com recursos livres - Pessoas físicas - Total - 20570";"20570 - Contribuição para a variação total"
2012-03-01;37753,4077947182;0,0030499578648052;129377,211855773;0,0189981621592697;28875,6841711146;0,00951852566627778;24223,2124043292;0,0040936146306966;160063,494692939;0,0174830224749823;75923,0811427377;0,00600194299735669;286008,863096119;0,042686800067592;14558,3400088814;-0,000702646096770228;46795,4467683091;-0,0402197237340979;306,721986643099;-9,17916430334167e-05;39723,6270864716;-0,000418340462718662;14645,974862208;0,00240480096268927;118490,146238038;0,0112382777177143;2461,60043362038;0,000175001452219465;20767,895330309;0,00258607885715215;999974,707872213;0,0768036829141352
2012-04-01;38822,6027841705;0,00381368077172317;130005,260983544;0,0181115384020589;29575,2755619387;0,00965955741578448;24411,2645135056;0,00404521773896767;161619,084719074;0,0186719116685429;76998,3436002146;0,00656891016403545;285312,776643422;0,0379669230809901;14448,6572303646;-0,000542106286068711;44014,6030523784;-0,0391926818914391;296,996720942707;-8,46264881644781e-05;40209,6241196726;-0,00104967039966041;13719,3825595681;0,00173638770614758;119055,256225018;0,0128104626238392;2417,95759720372;0,000106028972694289;21946,6582166773;0,00304947090602643;1002852,18957104;0,0756675835363381
2012-05-01;37863,7523922826;0,00188412865056093;131762,387713581;0,0182714814772036;31588,7627372886;0,01080628123665;24943,4712236418;0,00425149768752277;164503,889291195;0,0197425550201538;78442,0188279108;0,00824925849708841;285986,139631718;0,0337388333154927;14530,0871566751;-0,000341682497214689;41591,5610613976;-0,0379082045904561;289,734090242935;-8,45211975094709e-05;40031,3352385386;0,000558927544624681;14172,1803393162;0,00162063448834787;123144,735254056;0,0133306555467175;2452,66879601372;8,95231039153899e-05;22555,8763944206;0,00339432848126818;1013860,14952844;0,0776036146080537
2012-06-01;36793,176166904;0,000287956997532086;133118,658835623;0,0170015447977953;32684,4035696237;0,0108461182829548;25349,3001160013;0,00424738900973162;167143,75459411;0,0200451161477065;80026,6288992512;0,00918582800639066;289332,520989342;0,0316914474447006;14619,1181748748;-0,000207455632409726;39387,8645139431;-0,0369233035011337;295,695390384527;-7,50915403040569e-05;40113,9437709606;0,00125931526064671;14495,2667024624;0,00175361188878911;122081,944500276;0,011111930315052;2580,7550563927;0,000107470374259871;23829,0232921395;0,00460792187423513;1021850,50642888;0,0749364625333693
2012-07-01;37064,1384338279;0,00220946111652467;132624,070460588;0,0160255013740068;33543,3227549533;0,0107502536547869;25470,4192040484;0,00448794562236518;168863,499442491;0,0192373434214311;80847,7320096063;0,00912527990729129;289718,118191955;0,026586950247133;14669,037653315;-0,00010530139076637;36974,7306801613;-0,0362744295672912;294,428981902393;-7,01120553003118e-05;38992,5711896389;1,6985983413593e-05;14809,3153357921;0,001548596389318;124626,701046402;0,0123748689736619;2498,79256368471;4,04340726358514e-05;25507,4155159105;0,00506120591723722;1026504,29346428;0,0710132917049566
2012-08-01;36631,856912222;0,000341468767985679;133404,376943315;0,0147303057577887;34702,0868213346;0,0108404512854298;25779,3948816073;0,00432363445132673;171396,437754126;0,0179236059953812;81681,3187634537;0,00927232083626938;293042,573546998;0,0246518572830761;14822,5379693853;6,20659627732652e-05;34735,8616359723;-0,0345687930143023;291,691580961492;-7,24440763836905e-05;38814,9381128917;0,000303451173525981;14606,0721119349;0,000958881248422936;124596,826417125;0,00978746399117639;2548,46328629514;0,00013058530805587;25960,5507055728;0,00707085619652421;1033013,45222435;0,0657541272904616
2012-09-01;35815,1442784098;-0,000565313096850393;135154,771294938;0,0140316426428644;34880,9158111697;0,0101891391721545;26643,8295215823;0,00447677663825759;169324,330135955;0,0140941708958959;80441,3452772603;0,007699046193372;290294,704506718;0,0175738434821483;14953,7615442546;0,000282574981328779;32685,7842165762;-0,0328616730882672;285,458698323358;-7,31199646280561e-05;39936,7404574101;0,000331814789642504;14604,1891275913;0,00106594791746017;120910,840203734;0,00702174535395367;2559,96918229022;0,000133220534214508;24653,2512188355;0,00544126804092751;1023146,56199215;0,0488393543250143
2012-10-01;36577,823819978;-0,00102808336637367;135938,751372119;0,013201171195733;35322,7991218441;0,00991218737767816;26866,9374313941;0,00465322644240451;171366,262349067;0,0152265141186819;81022,6948408342;0,0075752390487881;288974,368825466;0,0140538625757256;15149,8326015368;0,000543787823746234;30492,3957189901;-0,0316146069059262;277,714050493963;-7,58513783808897e-05;37980,0521405049;-0,00196321622487169;14734,0203073546;0,00159387369144558;125283,940724479;0,0102098398135874;2517,6372118551;5,26707939740052e-05;24419,1081229418;0,00539342965111424;1026922,82107574;0,0477324963421455
2012-11-01;35483,1945151669;-0,00111018591002628;136527,783334546;0,011887364733829;35560,128573507;0,00934851555477538;26966,1417036444;0,00462940490894671;172611,365206954;0,0147961667868444;81426,4039426784;0,00796268981761022;287789,193096676;0,00996034407460667;15327,9797410344;0,000656666300297092;28503,3143594966;-0,0301630731244269;268,514948716084;-7,79464198951281e-05;37848,539681385;-0,00274095280505062;14772,8477122281;0,00125222060704853;127719,587910089;0,00871713819884068;2543,34945806358;6,54613550593233e-05;24944,7370335346;0,00646827814299106;1028293,08121772;0,0416520922214503
2012-12-01;32614,2758698223;-0,00043926195344277;134219,7710731;0,00803455595762364;36040,1892040439;0,00900331772400194;26747,2683249779;0,00336612174693475;172594,789810296;0,0161180698112407;81229,617469729;0,0104936993726879;289183,6045369;0,00771092874324396;15643,3578721207;0,000666495125546668;26536,2356556353;-0,0287363330913555;272,396778867774;-5,9142663713107e-05;36537,0888226379;-0,00167606333392879;14734,8697140287;0,000614578028251461;138407,497376793;0,0100378804955323;2506,94837694242;-4,05591589501112e-05;24783,6168201729;0,00519976019330791;1032050,03102047;0,0402925383580455
2013-01-01;34940,4821601568;-0,00180268148465315;134399,026129508;0,00752035204342365;35777,4154795456;0,00830152112069149;26755,1555825884;0,00301325694088393;173610,242497468;0,0162643578454913;82699,1026410234;0,0104105260026;287102,258809833;0,00335243944098607;15575,2697168524;0,000609529122827693;24606,4331597604;-0,0276300478398813;267,106378528337;-5,60299240946435e-05;36497,1187772469;-0,00265464555229367;14662,6562568805;0,000199458361565894;136515,102217183;0,0118944067102938;2432,15196893302;-3,32389137805637e-05;24863,1520680127;0,00519040985150594;1030701,1899192;0,0345797053949142
2013-02-01;35832,5010122454;-0,00215874858800861;134920,606376052;0,00680448574597277;35556,6621480395;0,00767460758316831;26833,0736832602;0,00295533167569963;175098,675805145;0,016561373209948;84570,425676563;0,0102076311454115;285929,846398595;0,00148273969990257;15376,1728368042;0,000736177267953624;22956,5788429761;-0,0266513533039692;259,613048664383;-5,27300097099509e-05;38303,2501969775;-0,00188677105271545;14576,6826528491;8,22877095181299e-05;127593,913121984;0,00970328011952195;2436,82247950887;-4,88127905959468e-06;24430,1779089745;0,00454385537898742;1024672,05204036;0,0299927434981748
2013-03-01;34776,6274690803;-0,00297685561665051;135707,688050386;0,00633063630987558;35454,9236606924;0,00657940589675249;27124,5067966082;0,00290136777404349;177540,357720522;0,0174773050658159;85212,794288235;0,00928994810805195;283057,992549872;-0,00295094518193009;15315,9867335435;0,000757665887644616;21395,6935072786;-0,0254003956910842;253,994028460797;-5,27292918182889e-05;38260,6033623605;-0,00146306072802995;14523,1730030879;-0,000122804965118971;126961,7780646;0,00847184609757609;2400,46379499077;-6,11381849443995e-05;25697,442081788;0,00492967143335885;1023682,55693793;0,0237084487028336
2013-04-01;35944,3186003434;-0,00287009811990171;136543,730332393;0,00651987343383607;35304,7763512086;0,0057132056437157;27319,259089752;0,00289972401365579;180137,733506291;0,0184659803107557;86265,1965271271;0,00924049727694798;281921,320498724;-0,00338181057983047;15337,3328422638;0,000886148149389084;19790,7663122661;-0,024154942265693;248,224160623081;-4,86338473673659e-05;37567,9966392426;-0,00263411448656251;14608,721923729;0,000886810013887747;129048,820823697;0,00996514212423857;2324,54625712908;-9,31456709633231e-05;25402,092484469;0,00344560674417006;1027763,37620714;0,0248403372851511
2013-05-01;35595,0815912451;-0,00223765654670684;137406,499981113;0,00556695346015623;35343,4080128862;0,00370331675166836;27601,172267071;0,00262136848426814;182863,403466549;0,01810852727952;87771,5241428063;0,00920196470808593;281078,653730965;-0,00484039727080263;15504,8381395901;0,000961425481974371;18389,6283470218;-0,0228847467031497;244,399775516151;-4,47145641811347e-05;37452,8108372816;-0,0025432742399988;14416,6772343158;0,000241154458150202;132853,099401556;0,00957564428586692;2305,7955011494;-0,000144865438228967;26384,9924317645;0,00377676944805933;1035211,98486083;0,0210599413955876
2013-06-01;34424,6562762384;-0,00231787318767692;138544,55027288;0,00530986812955578;35263,326511335;0,00252377713323642;27822,6674013434;0,00242047860208626;185050,120696893;0,0175234694215315;88515,9844668346;0,00830782537579948;281163,470822838;-0,00799436915195406;15631,4782745592;0,000990712529196009;17229,0144836272;-0,0216850213322844;240,863769941226;-5,36591410371017e-05;38311,849286314;-0,00176355980968731;14284,9627413938;-0,000205806974450323;130091,102539882;0,00783789604175745;2305,61765323258;-0,000269254065471538;26769,251154492;0,00287735617280058;1035651,81832494;0,0135061947018902
2013-07-01;35099,0373362604;-0,00191436227795567;138639,529341975;0,00586014001079829;35233,9387898403;0,00164696440692077;27998,5791075133;0,00246288293148076;187640,669163284;0,0182923440655305;89631,1367543442;0,00855661763975228;281330,453951138;-0,00817109513737097;15783,4700688453;0,00108565782201381;15966,2397801471;-0,0204660526349229;232,088522287956;-6,07308318254071e-05;37679,5715934496;-0,00127909800723595;14374,9828492103;-0,000423118041831115;136070,5995109;0,0111484175345012;2214,99483458568;-0,000276470084836432;27258,7969427204;0,00170616083922973;1045155,53909977;0,0181696713342949
2013-08-01;35184,3179591782;-0,00140127793101516;139403,063514003;0,00580697817416742;35184,3179591782;0,000466819804529385;28300,5554959138;0,00244058836685796;189654,384787772;0,0176744523455452;90705,9068157114;0,00873617670014404;280286,490492358;-0,0123484191102967;16088,6422254727;0,00122564159581962;14836,917497551;-0,0192630058162105;225,744575209007;-6,38394452758424e-05;37443,2107918786;-0,0013278891170869;15142,2515063272;0,000519043961371236;135906,916759484;0,0109486380046702;2248,76326842819;-0,000290122086233849;27639,2396570002;0,00162504074638403;1048247,82914425;0,0147475106806143
2013-09-01;36411,3537345647;0,000582721457807617;140555,035584476;0,00527809454690724;34780,4134940184;-9,82286613518627e-05;28406,6240482055;0,00172291496849769;190912,298307832;0,0210995853124342;90910,1375638876;0,0102319576447031;278466,823192894;-0,0115603001106647;15754,2193881235;0,000782349150751528;13793,0534047965;-0,0184653220893339;227,841342180642;-5,63138833507194e-05;38176,403119559;-0,00172051336850859;15376,4065295708;0,00075474759009695;136492,826338129;0,0152294761212465;2220,73206935563;-0,0003315625791422;26086,3916458723;0,00140071860696709;1048569,11772965;0,0248474233134328
2013-10-01;36207,8746376619;-0,000360250229835795;141190,923795974;0,00511447629370369;34567,5368986517;-0,000735461524169123;28443,513748903;0,0015352432384913;192027,05508869;0,0201191290285864;90873,8504241683;0,00959288797673673;276779,750086429;-0,0118749125920319;15928,7691806505;0,000758515209836061;12752,7656038082;-0,0172745504833547;243,75648219557;-3,3067303210597e-05;37108,3397601255;-0,000848858709232175;15303,6054969018;0,000554652382688922;139788,607092519;0,0141243977350181;2189,5067547802;-0,000319527865522719;25291,8858202803;0,000849896096791583;1048697,74087174;0,0212040470316823
2013-11-01;34873,8597078249;-0,000592569198871243;141554,812054139;0,0048887119940947;34304,822369935;-0,0012207669452423;28357,7404175517;0,00135330942055865;193067,665799963;0,0198934534975034;90984,6492364989;0,00929525391973019;275368,434458989;-0,0120790063305467;15962,9947944908;0,000617542863075994;11861,3622537104;-0,0161840553143454;258,134732225752;-1,00946089008391e-05;37853,1053189829;4,44001586830843e-06;15061,6624698131;0,000280868132695133;140479,488362989;0,012408816791599;2253,33081169441;-0,000282038896951173;26135,785098172;0,00115827684382252;1048377,84788698;0,0195321421840902
2013-12-01;33166,8250165776;0,000535389884353728;137963,81732929;0,00362777592525043;33675,5620002149;-0,00229119435371838;28068,1499139013;0,00127986197298724;192467,91933459;0,0192559749304433;90730,4147151405;0,00920575258935589;272455,504745255;-0,0162086132346743;16105,7650069849;0,000448047207950698;10918,0609321721;-0,0151331565854616;252,955333530779;-1,88376965773365e-05;36128,8047879771;-0,000395604885799038;15045,8962910738;0,000301367731889413;153753,034879789;0,0148689860391978;2213,00587882235;-0,000284814194355897;25877,7545676851;0,00106015959946277;1048822,05757472;0,0162511758636972
2014-01-01;35204,6194058446;0,000256269468077873;138915,525223062;0,00438196747779868;33272,152972732;-0,00243063899733144;28121,2515346539;0,00132540445807824;193263,508472853;0,0190678599846441;91523,0157023436;0,00856107778629035;271262,070003675;-0,0153683618114379;16139,959649356;0,000547869681365123;10105,0426575122;-0,0140694418945855;248,761133571579;-1,77988005992267e-05;36854,5943821894;0,000346827585374706;15279,8364078543;0,000598796389302855;150732,381782779;0,0137937936859382;2161,55154481971;-0,000262540129729087;26010,2954746284;0,00111297378700573;1049095,97177801;0,0178468619603089
2014-02-01;35341,6424185314;-0,000479039701274752;138835,985246606;0,0038211043843323;32735,684819977;-0,00275305384044125;28143,5045847097;0,00127887834828727;194221,307962535;0,0186621974506987;93169,6141957731;0,00839213727171256;267779,939694629;-0,0177128932791964;16931,047493554;0,00151743638723599;9326,73201582256;-0,0133016673969134;240,077507740419;-1,90651642006479e-05;39164,7371493513;0,000840744070903797;15500,3530433567;0,000901430256313127;140924,101244162;0,0130092238737604;2201,17575410838;-0,00022997282392085;24263,182075882;-0,000162974907688753;1038780,4810062;0,0137687262356292
2014-03-01;36889,3632739753;0,00206385836173148;138712,691618057;0,00293548380531071;32166,1638295908;-0,00321267546156015;28182,9092469179;0,00103391666013695;194345,48062272;0,0164163419492719;92890,0500977329;0,00749964503885104;262726,067366445;-0,0198615528277092;16637,0032551983;0,00129045524191232;8486,54518030567;-0,0126104994555999;247,570336909178;-6,27508157493084e-06;38623,7387068475;0,000354734328553143;15592,7820017546;0,001044863948709;142257,511581734;0,0149418717877606;2123,01936958429;-0,000271025840507022;23113,9411755652;-0,00252373246834511;1032993,45458883;0,00909549311726887
2014-04-01;37451,6766467066;0,00146663919075026;139232,034717798;0,00261568416197769;31744,6236463244;-0,00346398089998367;28268,7343610651;0,000923826722467052;195316,126576634;0,0147683731700554;93064,5313415722;0,00661566170954389;259644,808001019;-0,0216747483062829;16430,1027519429;0,0010632504864222;7839,29812714995;-0,0116286184756085;244,548732322589;-3,57614251059966e-06;39214,350936425;0,00160188068119155;16009,6987514333;0,00136313168978109;139563,137214932;0,0102302890282362;2088,28130972098;-0,000229882629482298;22611,1406548605;-0,00271555875040836;1028720,34603134;0,000931118822053767
2014-05-01;36936,9508947255;0,00129622659233486;139910,206275126;0,00241854454027591;31571,9370711849;-0,00364318709293958;28440,1803401352;0,000810469821963039;197046,304295443;0,0137004797435776;93698,3321708031;0,0057252119514378;257192,4444839;-0,0230737371633849;16358,9842868194;0,000825092985514622;7241,33270345335;-0,0107690944527339;254,36976068788;9,63086335700508e-06;38649,1602516138;0,00115565645667544;16230,431827117;0,00175206104578183;142122,949677239;0,00895454304166433;2111,54252958111;-0,000187645597625501;22495,3128685749;-0,00375737493390059;1030260,43943641;-0,00478312219800203
2014-06-01;37799,1325865519;0,00325831157789237;139764,165668769;0,00117763071942583;31143,7609895107;-0,00397775144979449;28384,0837779664;0,000542089886474628;198847,955761535;0,0133228511942928;94692,6161856545;0,00596400412718825;254097,347359486;-0,0261343851132602;16284,2749575578;0,000630324469525283;6682,61421512157;-0,0101833454853228;246,5456936276;5,48632618205959e-06;40152,8947886982;0,00177766839183647;16269,2915176135;0,00191601920752594;140680,879767174;0,0102252292130568;2179,40944643182;-0,000121863549667578;21528,4789380343;-0,00506036114042085;1028754,81378464;-0,00665957845896148
2014-07-01;36594,0351931938;0,00143040705522267;139611,120197943;0,000929613650428557;31098,392346516;-0,00395687176559992;28590,9627354296;0,00056678992337028;201293,071434706;0,0130625555342528;95827,1225295045;0,00592829061643509;252354,199147704;-0,0277243469698228;16263,5616436626;0,000459349404808048;6150,76160981327;-0,00939140424858509;242,434802158273;9,89927286729914e-06;38923,0436858378;0,00118974836363523;16462,4126611632;0,00199724321774244;142832,234282798;0,00646950096798295;2121,98551552017;-8,89908875626508e-05;22086,0828752728;-0,00494922896538734;1030452,78265449;-0,014067529564006
2014-08-01;36160,3827022995;0,000931139293575426;140121,482971411;0,000685352678473066;31028,9668071017;-0,00396409230388655;28870,1582666015;0,000543385595325012;203097,827267413;0,0128246795327164;96041,846032122;0,00509034129912451;250773,666979958;-0,0281544332283456;16170,0058206631;7,76186631903897e-05;5685,72293391658;-0,00872999142874936;240,471435914751;1,40490257134772e-05;38942,7866613584;0,00143055471023868;16616,9838004142;0,00140685461308413;142698,738982316;0,00647921420297785;2138,42960525321;-0,000105255322364987;22570,3500839083;-0,004835583181918;1031155,10315928;-0,0163059970264039
2014-09-01;36626,8422219661;0,000205507184750967;139962,277951213;-0,000565301441021173;30504,58172147;-0,00407777770702077;28880,8047749572;0,000452216948538703;203188,261668053;0,0117073478063143;96000,0706547339;0,00485417032104373;248456,785359938;-0,0286199901613862;16189,137210491;0,000414772679276612;5210,40572604003;-0,00818510438047181;235,05589741534;6,88038119062486e-06;39509,6542052094;0,00127149566309669;16379,6135411551;0,000956739040490183;144059,545404436;0,00721623299634296;2087,13426153276;-0,00012740963429491;23747,4001187601;-0,0022306507864513;1031037,57071737;-0,0167194958499658
2014-10-01;36249,0258233533;3,92402730430197e-05;139878,783682635;-0,00125120905881639;30972,9670658683;-0,00342765097385966;28971,2395209581;0,000503220090487076;204975,286302395;0,012346962054998;97663,5873877245;0,00647444606671149;246991,386040419;-0,0284050998538895;16044,7610404192;0,000110605616135172;4798,49607035928;-0,00758490194404049;306,716317365269;6,00362074942243e-05;39633,6672904192;0,00240806042758749;15966,7367140719;0,000632337795081716;146961,509169162;0,00683981837386237;2058,22791916168;-0,000125182719960282;23263,3564745509;-0,00193433175897105;1034733,05632485;-0,0133162149613103
2014-11-01;34733,3717890796;-0,000134005043151606;138881,288724668;-0,002550152442519;30655,2020136827;-0,00348120705107243;28927,3000839034;0,000543277089934452;204722,248935072;0,0111167773704854;98628,2673938299;0,00729090010127247;245688,648831806;-0,0283101991204827;15966,0279785723;2,89321649406192e-06;4464,9735381438;-0,00705507916871202;298,46795533755;3,84720291382446e-05;39705,6070091648;0,00176701720082666;15775,9721505099;0,000681347552446385;146020,42806893;0,00528525065376828;2081,24515941655;-0,000164144685644304;23968,4490770621;-0,00206732336578667;1030517,49870918;-0,0170361756630028
2014-12-01;32738,0819166178;-0,0004087853576909;136415,978999276;-0,00147578735480967;30251,947911997;-0,00326424684100817;28452,4224973275;0,000366384917871336;204990,513897031;0,011939675059274;99280,6803682886;0,0081522557533921;244556,167885099;-0,0266006389345682;15903,5548639608;-0,000192797378319477;4118,32347667161;-0,00648321362655558;290,84580502776;3,61266920573712e-05;37867,061364185;0,0016573417422469;15632,6300044829;0,000559421599852586;160856,323062864;0,00677263424407787;1994,75068105797;-0,000208095545081376;24088,4073588744;-0,00170605413557787;1037439,0181558;-0,0108531655457749
2015-01-01;34909,5545228943;-0,000281256330105098;135994,044693689;-0,00278476002955402;29852,5752396477;-0,00325954710062305;28111,819984429;-8,99016913474792e-06;203471,595238675;0,00973036503850128;99644,136538368;0,00774106569321837;241145,107050752;-0,0287075384551151;15460,8450926962;-0,000647333108627658;3840,94301980439;-0,00597095004291303;287,283647997664;3,67197238978975e-05;38881,6772906428;0,00193221875117667;15628,7551700647;0,00033258993609428;156973,621782395;0,00594916019841192;1971,63161160041;-0,000181031991665574;24720,823500073;-0,00122912679987701;1030895,72618121;-0,0173485039371141
2015-02-01;34897,0642423456;-0,000427980872104212;135262,249599792;-0,00344031844278797;29906,2151170337;-0,00272383795679582;28042,5846204877;-9,71523493820316e-05;201991,366871458;0,00747998162363997;100730,65392492;0,00727876569438678;235679,274470356;-0,0309022606905158;15291,3603816034;-0,00157847316341782;3526,38287976463;-0,005583806436601;298,077200421119;5,5834407501111e-05;41110,029889384;0,00187266970799114;15664,6048760438;0,000158119868143827;145137,676848527;0,00405627144657455;1932,3178514256;-0,000258820711015234;25699,4386276122;0,00138263721545765;1015168,00141335;-0,0227309619545265
2015-03-01;34994,9678667508;-0,00183388907142552;134530,894416952;-0,0040482320410922;29969,3737752831;-0,00212662533779755;27675,9428244047;-0,000490774089865924;201076,206865057;0,00651574916804853;101508,302750008;0,00834298863559187;229781,827277558;-0,0318920124251895;14983,4077850477;-0,00160078020127325;3329,5040519446;-0,00499232701374063;286,518981035571;3,77046378690716e-05;39204,4945033047;0,000562206656661113;15739,3574180478;0,000141893848060756;145084,769919293;0,00273695668157416;1832,95401707131;-0,000280800765217277;26403,2357434654;0,00318423563410616;1006401,75819522;-0,025742366784105
2015-04-01;35055,6021638607;-0,00232917963768244;134912,185379217;-0,0041992455532219;30094,6521239332;-0,00160390676509561;27480,8182319284;-0,000765918679626002;201238,537909964;0,00575706639435867;102030,967871874;0,00871610692341501;225537,794480341;-0,0331547962983895;14599,6212772573;-0,00177937714729503;3157,43005613412;-0,00455115725967492;280,688673534047;3,51309676637395e-05;40130,8598083949;0,000890921303837002;15760,4785062624;-0,000242262385625382;141223,235237999;0,00161375054889441;1804,79006828905;-0,00027557658650925;25439,7924474523;0,00274968003063646;998747,454236442;-0,029136093118534
2015-05-01;34238,3563461628;-0,00261933239913482;134812,661343123;-0,00494782167389832;30701,935182154;-0,000844448506153229;27383,6248421643;-0,00102552272952345;200861,15757845;0,00370280478312238;102679,767864659;0,0087176361918438;221233,717146799;-0,0349025605183598;14377,6637983445;-0,00192312585501082;2990,51372585699;-0,00412596544998052;300,059977552261;4,43482202319405e-05;40784,2025791517;0,00207233263145173;15594,2935392602;-0,000617453862641566;142101,092982743;-2,12147275187949e-05;1826,83574568583;-0,000276344478538872;25806,4188257027;0,00321385334269369;995688,519209185;-0,0335564862086063
2015-06-01;34721,7297042727;-0,00299138613112085;134304,9714179;-0,00530660384546389;30989,12499797;-0,000150313747715841;27076,3945953846;-0,00127113785039895;201186,64314598;0,00227331853334512;103198,264368189;0,00826790608273694;216329,710362635;-0,0367119905450638;14156,1285057733;-0,00206866244830035;2838,23058934342;-0,00373692893026204;302,711239586209;5,45956579799465e-05;39969,1414813973;-0,000178617202893041;15901,0961885119;-0,000357903869967863;142136,686587525;0,00141511543940672;1801,25696282703;-0,000367582711193956;25570,3436347987;0,00392889019094353;990482,433782094;-0,037202625435835
2015-07-01;33707,2173636362;-0,00280150423013176;133557,110091743;-0,00587509705258325;31383,739114295;0,000276913966930052;27060,0059140764;-0,00148571273436652;200982,733317808;-0,000301166751278306;103870,293294383;0,007805472410059;212588,936065721;-0,0385900875337014;14044,0523182488;-0,00215391657218514;2715,07570709528;-0,00333415170549349;298,359967812668;5,42724194604324e-05;39735,3318799846;0,000788282789682283;15854,1027896456;-0,000590332601121742;143197,86655169;0,00035482680530943;1778,97130808303;-0,000332877171289222;26854,8834362052;0,00462786906999052;987627,435953896;-0,0415597370607109
2015-08-01;34485,4179080441;-0,00162435776065463;133969,789032933;-0,00596582795316586;31940,0390530639;0,000883545300964689;27009,2978500684;-0,00180463677174431;201718,79338111;-0,00133736804684192;104668,161687737;0,00836568197081601;209165,142926162;-0,0403513728694303;13983,4580078911;-0,00212048391757239;2611,12207102021;-0,00298170551983529;292,743377083501;5,069260774504e-05;40171,5858764796;0,00119167253438053;15705,1860053144;-0,000884248928513482;143232,139866334;0,000517284822024693;1782,50946130928;-0,000345166447659957;27804,4186327402;0,0050759275038213;988541,045575328;-0,0413265254212427
2015-09-01;34062,0930317703;-0,00248754193158192;133805,495272441;-0,00597144357648226;32450,7813286592;0,00188761269469068;26830,9307867976;-0,00198816614096156;202009,87678828;-0,00114291167775071;104942,535102011;0,00867326730009956;205850,622065298;-0,0413235797653775;13945,3722666654;-0,00217622035079126;2510,73454504682;-0,00261840233340366;286,236075897229;4,96394893216935e-05;40908,3171057088;0,00135655861650727;15449,3454413151;-0,00090226401661848;139859,635032905;-0,00407347946458267;1732,22176965392;-0,000344228476205667;29256,5347747888;0,0053432918571489;983900,731387239;-0,0457178677759875
2015-10-01;33829,1485377728;-0,00233864886290131;132560,725155755;-0,00707241204110325;32626,2092738229;0,00159774755223014;26593,1568106765;-0,00229825721305169;200789,286419501;-0,00404548772971653;104012,027201852;0,00613534068069284;201842,929050489;-0,0436329512369966;13555,4000272359;-0,00240580021868146;2408,32601368604;-0,00230993882147983;280,237122527491;-2,55903633076405e-05;41680,6829401151;0,00197830313546421;15004,3116127055;-0,000930119218172691;139736,753481088;-0,00698224111418105;1710,79256460014;-0,000335772934321389;28765,3004459878;0,00531725930451921;975394,062914922;-0,0573471515645666
2015-11-01;33109,266647193;-0,00157600928069732;131339,44151715;-0,00731850474830805;32899,6759878215;0,00217800665874201;26035,2790167286;-0,00280637744705678;200153,022166298;-0,0044339147801927;103227,640013931;0,00446316789948979;197565,243851745;-0,0466982899759972;13398,0526126571;-0,00249192795768324;2315,18930669932;-0,0020861210354383;272,589007853138;-2,51125745237974e-05;43422,8231976542;0,00360713543743362;14487,1971373681;-0,00125060953817481;144355,869518813;-0,00161526471137289;1688,84034198789;-0,000380784235027725;28441,3313260457;0,00434042338396612;972710,250143244;-0,0560953585342733
2015-12-01;29656,5029811915;-0,00297037115579508;129034,707678543;-0,0071148965785516;32919,2703035941;0,00257106426972327;25476,9448407249;-0,00286809885162399;198980,807147292;-0,00579282892253426;102574,972680758;0,00317540814912209;193339,663645043;-0,049368207040353;13393,065864412;-0,00241989066886226;2243,97752588929;-0,00180670470069098;263,997355986976;-2,58795443114439e-05;41412,7852384842;0,00341776606841169;13915,0606364771;-0,00165558585897319;153144,866208045;-0,00743316640290607;1641,58355904629;-0,000340422054531445;28688,112679912;0,00443371151512517;966683,918369436;-0,0682016952785715
2016-01-01;30918,6420796311;-0,00387130564411867;127756,68696967;-0,00799048586080886;32743,4498366017;0,00280423569866058;24901,5162420361;-0,00311409162038622;196666,878597346;-0,00660078072739315;102998,548479967;0,00325388092743859;189540,648824345;-0,0500578835626444;13155,2050116148;-0,00223654053705539;2162,51568602027;-0,00162812522271442;254,762121914716;-3,15468628465644e-05;42464,6984328265;0,0034756387587874;13489,3581203588;-0,00207527977405729;145633,878287471;-0,0109998937884146;1617,44323913297;-0,000343573422095246;29013,2583957295;0,00416379153258993;953318,675264767;-0,0752520831605472
2016-02-01;32514,81803153;-0,00234665218712462;126587,830579502;-0,00854481131025913;32713,2867803048;0,00276513016502003;24532,6163426396;-0,00345752454072773;194892,788182994;-0,00699251619296554;104901,890254793;0,00410891234166756;184762,661396417;-0,0501558490841433;12279,2262555596;-0,00296712871352355;2084,50904778292;-0,00142033026058179;246,617971850374;-5,06903571616742e-05;43516,3283186457;0,00237034503245925;13324,4167076873;-0,00230522254946803;139645,665003332;-0,00540995366042683;1572,48316336977;-0,000354458264597453;28615,9053337051;0,00287289069595624;942192,217741408;-0,0718854254373055
2016-03-01;31904,3720125268;-0,00307093646156418;126404,878690153;-0,00807432584514868;33072,5463139677;0,00308343314527738;24211,2601715059;-0,00344264368050385;194737,813278044;-0,00629807483482466;106450,02938676;0,00491029213384305;181796,687157877;-0,0476799048977541;12637,0967724445;-0,00233138604289677;2032,31925515949;-0,00128893335710318;239,715447242633;-4,65058148118408e-05;42555,9232756153;0,00333011021197015;13344,5496777216;-0,00237957428117055;138896,976850607;-0,0061484322918741;1489,74380383958;-0,000341027040579901;26855,1461530454;0,000449035791024833;936631,396933801;-0,0693265494553011
2016-04-01;30695,1029844472;-0,00436596775382739;127292,27826818;-0,00762946336305114;33185,8112652375;0,00309503581530281;24023,7704918033;-0,00346138328108987;193999,791929382;-0,00724782421209379;106981,906263136;0,0049571474452939;177739,871794872;-0,0478578668538502;12310,5842791089;-0,00229190771745041;1964,20765027322;-0,00119471884588996;233,612862547289;-4,71348495428689e-05;43212,5683060109;0,00308557331940538;13271,7675493905;-0,00249183209060046;134552,873055906;-0,0066787275940468;1474,89911727617;-0,000330304672731399;25739,2559899117;0,000299839104659722;926678,301807482;-0,0721595355495126
2016-05-01;30971,91753133;-0,00328058298535686;125915,099043256;-0,00893609008059487;33503,3205318241;0,00281351576886217;23681,015586399;-0,00371864210978965;192963,25742263;-0,00793209924936514;107363,778466514;0,00470429307106537;174166,292727844;-0,0472712334338626;12087,305170013;-0,00230027622508949;1869,43246642411;-0,00112593570961658;224,885460180569;-7,55000343193663e-05;43084,5943942865;0,00231035285709821;13570,3959484346;-0,00203266137128205;137980,492296636;-0,00413844350578668;1404,66918205094;-0,000423994608243741;25884,8930961685;7,88140758398998e-05;924670,19606522;-0,0713258431465795
2016-06-01;30203,1042247937;-0,00456204504528656;124091,190779672;-0,0103119250678956;34026,6165628284;0,00306667888420786;23612,2285834866;-0,00349745325484504;192930,502185826;-0,0083354743896145;108186,89644662;0,00503656794738118;171285,767778088;-0,0454767707616479;12016,424708894;-0,00216026425497415;1793,9593506679;-0,00105430566263355;221,802789672584;-8,1685900884361e-05;43687,1049047338;0,00375368941086588;13619,6106756984;-0,00230340835435295;137702,756794605;-0,00447653551612125;1410,11410843659;-0,000394901354178378;24993,6117606185;-0,00058227370270266;919781,691654642;-0,0713801070226818
2016-07-01;29124,2007510618;-0,00464043063784255;122796,337672472;-0,0108955786641125;34144,3925347594;0,00279523767765527;23394,0251145571;-0,00371190660168182;191630,472657915;-0,00946942168618544;109282,63535334;0,0054801455102655;168940,714940023;-0,04419502692687;11988,5518205085;-0,0020812509078942;1720,65329867112;-0,00100688009690993;216,082042158698;-8,33086674779359e-05;43706,8803687031;0,00402130230908639;13318,1995190829;-0,00256767195629129;137710,571746335;-0,00555603723184823;1374,23605648019;-0,000409805597605673;25112,3918307715;-0,00176432077724811;914460,34570684;-0,074083695514582
2016-08-01;29672,7578461136;-0,0048684473785604;121702,927857556;-0,0124090559823321;34117,7524521084;0,00220295698270893;23185,6837719613;-0,00386793658717712;190706,773698789;-0,0111396686375446;110382,704718857;0,00578078478045884;166650,303531543;-0,0430076622360938;11354,3716247884;-0,00265956218496993;1645,95702951819;-0,000976353026333162;208,305765146493;-8,54163945088041e-05;43665,6691627575;0,00353458594553793;13143,7522958828;-0,00259112529610834;141748,089192145;-0,00150125346927334;1342,03550332085;-0,000445579837033555;25714,9483083302;-0,00211369101340035;915240,894475948;-0,0741498306291574
2016-09-01;29894,7073428499;-0,00423557535427856;121220,058358454;-0,0127913685928892;33966,5020577868;0,00154052200671764;23158,0480979975;-0,00373298095187062;191443,731344386;-0,0107390360702317;110538,990155109;0,00568802814609931;165359,22296663;-0,0411539475548283;11322,5464768707;-0,00266574229098976;1598,00881968894;-0,000927660378980503;203,589735746847;-8,39986570940509e-05;44422,3704417017;0,0035715527226393;12970,5997008773;-0,00251930470357808;140092,485650339;0,00023666068131193;1348,92417092604;-0,000389569380833228;25470,3270520385;-0,00384816028890638;913011,249744227;-0,072049424684401
2016-10-01;30532,9740934932;-0,00337932592538972;119909,563241922;-0,0129703085089796;34498,9141800937;0,00191994700139375;23240,9080532564;-0,00343681480631743;190999,26617868;-0,0100369897798681;110909,057336004;0,00707101918740463;163287,600150225;-0,0395279511801029;11635,7687266193;-0,00196805719206433;1545,08306577513;-0,00088501968663941;199,658310995906;-8,26115460358446e-05;44394,4792188282;0,00278225630224066;12950,5640814162;-0,00210555672765915;142308,730006775;0,00263685891013169;1329,54284367728;-0,000390867379060638;24648,7260302218;-0,00422042185028665;912391,969940204;-0,0645914255274822
2016-11-01;29549,5285545069;-0,00365960787620149;119031,54794158;-0,0126531961329255;34495,77652255;0,00164087973216432;22817,5129478181;-0,00330804169940298;190835,939803672;-0,00957847659285354;111564,6159129;0,00857087287580351;162556,944724473;-0,0359904700522246;11509,5385410235;-0,00194149704020859;1500,40717895082;-0,000837641145067113;199,299368675731;-7,53458074145044e-05;44652,1176455763;0,00126378276340885;12748,3652985874;-0,00178761541633253;148070,371863856;0,00381871409753935;1327,15261413612;-0,000371835012326134;26531,7284549567;-0,00196317749381972;917390,847373263;-0,0568714093038856
2016-12-01;26381,2681387022;-0,00338811350871938;114988,323701238;-0,0145304827259344;35024,8676110308;0,0021781652383215;22182,5290533325;-0,00340795551140368;190666,107952761;-0,00860125945671723;111859,873578742;0,00960489847979067;162113,77897481;-0,0323020628323931;11501,0903637163;-0,00195718110619548;1463,1798479804;-0,000807707320947173;186,284471386394;-8,03912045331892e-05;43057,6798165714;0,00170158471329672;12631,2161567938;-0,00132809127708353;154783,202776556;0,00169480068653171;1316,41026446385;-0,000336380163570867;27066,5691940449;-0,00167742884209997;915223,510898926;-0,0532339542353324
2017-01-01;28729,9064426296;-0,00229591184332316;113971,484871241;-0,014460224535725;34517,7274007322;0,00186115892845354;21914,0893019181;-0,00313371280520476;190336,754904722;-0,00664009198274218;113071,707030883;0,0105664126931309;161579,855126881;-0,0293299548440067;11352,9469007165;-0,00189050960361991;1412,65120936199;-0,000786583223548003;191,202791076066;-6,66716518702393e-05;43762,9447104102;0,00136181773342809;12553,025595294;-0,000982182085969033;151627,187490222;0,00628678463797649;1263,06314340248;-0,000371733088761804;26066,5640351701;-0,00309098566619499;912351,110954661;-0,0429736303012509
2017-02-01;27057,0076533317;-0,00579267189372628;113712,074425065;-0,0136657424164501;34436,7011146295;0,00182915365025616;21735,5121557196;-0,00296871926370298;190557,070183609;-0,00460173403870655;114479,97508145;0,0101657439387664;161102,194641212;-0,0251121441142045;11190,0501489707;-0,00115600201963012;1375,49504435855;-0,0007525152405992;187,210816958336;-6,30520543190717e-05;46327,3905486239;0,0029835336962523;12500,5258676791;-0,000874440294129446;143322,772144451;0,0039027144057004;1293,66037586778;-0,000295929834965488;25839,5768316745;-0,00294666889595613;905120,580102169;-0,0393461513915982
2017-03-01;28306,8300741027;-0,00384093673370465;114078,291999278;-0,0131605525196225;34471,6224498049;0,00149373183561571;21437,5538970776;-0,0029613637590075;191086,19908165;-0,00389866729681342;116210,7532836;0,0104210940705092;159942,423921903;-0,0233328322192888;10996,6566701717;-0,00175142548887759;1327,33693995259;-0,000752678500330828;190,098803531542;-5,29735004330606e-05;43466,6505416151;0,000972343302798941;12657,2256304325;-0,000733825547103327;146951,966271162;0,00859995666056527;1219,98702737007;-0,000288007403288634;25628,67340082;-0,00130945082157226;907973,388220728;-0,0305968909507937
2017-04-01;27754,7088189974;-0,00317304738841362;113820,54778562;-0,0145376561167809;34149,8493302185;0,00104031578499314;21285,8684171285;-0,00295453348733266;191501,349193528;-0,00269612737341593;116901,426547705;0,010704383889448;159321,296940627;-0,0198759103545639;10370,467946169;-0,00209362443164551;1290,86475134826;-0,000726619904244666;189,833051668862;-4,72438070396538e-05;43309,852405746;0,000104981523302393;13810,9128414146;0,000581804161133932;142585,838438502;0,00866855883743881;1192,59823048438;-0,000304637419740119;25296,9291323906;-0,000477325147959529;902782,343831548;-0,0257866812348202
2017-05-01;27860,3973749899;-0,00336500534956208;114784,570013689;-0,0120372961915838;34173,4318383123;0,000724703044760938;21183,3420565263;-0,00270115068107646;192166,275465013;-0,000861909425660793;118829,988324342;0,0124003238199093;158671,903937515;-0,016756665085847;10386,2831145825;-0,00183959866195423;1246,79925919961;-0,000673357062738704;183,680248007086;-4,45620636945201e-05;40251,5782269104;-0,00306381256736892;16319,7117320235;0,00297329339183651;147527,522344794;0,0103247948174218;1151,06288751107;-0,000274266755454047;24196,8113374668;-0,00182560416231117;908935,584588131;-0,0170164579155307
2017-06-01;27525,1756938251;-0,00291148275212046;115395,078658684;-0,00945453926718591;34648,3149223864;0,000675919476544042;21212,0927121208;-0,00260946254219095;193920,324505874;0,00107614918738734;120484,151030468;0,0133697536006892;159317,756561616;-0,0130117954347865;10085,5350073568;-0,0020992912982032;1215,0843702856;-0,000629361277392823;175,177452832727;-5,06917426851376e-05;38882,6998491392;-0,00522341888209547;17347,0309502573;0,00405250540250857;148865,129949278;0,0121358940452414;1154,83225275078;-0,000277546137308483;25020,2496963125;2,89611501682671e-05;915248,633613188;-0,00492840647143011
2017-07-01;27420,3001938533;-0,0018632853411391;114630,078532248;-0,00893014024999802;34153,4899264431;9,94837198400375e-06;21152,3895666069;-0,00245132067068202;194078,155431504;0,00267664178668931;121472,352839775;0,0133299574373695;159242,330357751;-0,0106055824375584;9995,70900953163;-0,00217925557989779;1181,00748987896;-0,000590124887673541;175,871049388196;-4,39723744821555e-05;38369,9426801297;-0,00583616087196008;18180,3914535279;0,00531700686341586;152919,877443036;0,0166320013416708;1136,48317357815;-0,000259992556285492;24670,9236622783;-0,000482763599937121;918778,189701623;0,00472174000223635
2017-08-01;27283,8835005471;-0,00261010446537611;114984,937318028;-0,00734013370695711;34160,9597636136;4,72086767166095e-05;21248,9435553165;-0,00211609886351693;195125,651237258;0,00482810325143921;122639,712027644;0,0133921106265747;160216,989967175;-0,00702909321818599;10026,7549715953;-0,00145056526779567;1148,77170533291;-0,000543228921681826;178,870642706575;-3,21610655922142e-05;37501,7300904376;-0,00673477235285611;18294,8004562061;0,00562807911164487;154119,834146221;0,0135174739554879;1116,55276969011;-0,000246364356085556;24861,9083384332;-0,000932038739795867;922910,300490205;0,0083796583615825
2017-09-01;26466,0880960659;-0,00375528696688508;114711,524163569;-0,00712864622063324;33940,0403840496;-2,89828561746204e-05;21142,9214249418;-0,00220712140580981;195232,323286352;0,00414955669278789;123140,518440266;0,0138021610234127;160885,197641144;-0,00490029594568533;10070,6460110722;-0,00137117748127338;1120,31638629617;-0,000523205418910875;183,021983899869;-2,25273805254205e-05;37273,258939317;-0,00783025565609129;18241,1910620203;0,00577275620932322;152358,591639699;0,0134347807793135;1123,64405873071;-0,000246744070523157;25169,405070739;-0,000329592851549022;921059,797812308;0,00881538762018041
2017-10-01;27915,0434827145;-0,00286930474733385;114489,013213828;-0,0059410321513993;33899,6788732394;-0,000656773981574508;21126,2710371319;-0,00231768481726452;195168,923431498;0,00457002844193331;123907,799846351;0,0142468839474757;161418,363380282;-0,00204872119826542;10196,4136747759;-0,00157756216545587;1086,91052496799;-0,000502166345060195;181,151754161332;-2,02835595273672e-05;37496,203943662;-0,00756064882466947;18248,8300640205;0,00580700637134222;156109,733316261;0,0151261779631739;1113,42053777209;-0,000236874405985135;25343,572240717;0,000761565460227321;927701,329321383;0,0167793666379832
2017-11-01;27202,6219018901;-0,00255824075347662;114547,094947415;-0,00488826873192139;33814,9210303743;-0,000742165124194474;20924,0770022799;-0,00206393594503324;195179,032445883;0,00473417917199205;124678,683716996;0,0142949625469292;162911,717658307;0,000386719504396428;10375,0200718296;-0,00123667951608885;1066,25113382854;-0,000473250901036764;180,645853251943;-2,03332259932595e-05;38033,6626032703;-0,00721443326065048;18267,2611605501;0,00601586104522932;163747,75547915;0,0170890996571229;1130,13808192984;-0,000214755284261215;25435,8173371577;-0,00119459565237314;937494,700424113;0,0219141635306406
2017-12-01;23874,5759143774;-0,00273888530448995;111699,457078874;-0,00359351194893738;33690,8978716393;-0,00145753438750856;20879,5613612233;-0,00142366064310282;194984,111128739;0,00471797667406617;124965,912973969;0,0143200423056812;164357,318222868;0,00245135665915541;10566,4464370706;-0,00102121931475268;1049,51626780244;-0,000451980937172014;174,371041359027;-1,30169623982515e-05;36192,4094775509;-0,00750119534437818;18397,7898732014;0,0063007272515801;170193,813078923;0,0168380839421729;1146,02351081876;-0,000186169554885818;25816,7841800808;-0,00136555169210692;937990,085091712;0,0248754254252332
2018-01-01;26658,474472288;-0,00227043289087915;112256,682898238;-0,0018795417163563;33313,5249517312;-0,00131988927786909;20868,3837248921;-0,00114616572991485;194731,850875734;0,00481732955464214;126302,710405377;0,0145020959755822;166593,868796038;0,00549570621326919;10556,6640368952;-0,000872781163151228;1024,6109594542;-0,0004253189865706;171,679744540351;-2,13986110186096e-05;36832,4129640296;-0,00759634274915136;18284,4395443262;0,00628202660161723;170830,09383011;0,0210477151935451;1124,11960119415;-0,000152291744417291;25355,0206156505;-0,00077990086379691;944903,443918941;0,0356796112520961
2018-02-01;27480,3212877792;0,00046768755871149;112745,509198423;-0,00106788559214097;33072,0886990802;-0,00150765814582991;20763,6603153745;-0,00107372637603204;195087,281865966;0,00500509189819242;127108,612352168;0,0139524363364848;165893,459921156;0,00529351048387734;10497,9165571616;-0,000764686614164672;997,362023653088;-0,000417770879392425;156,961892247043;-3,34197734271805e-05;38552,6747700394;-0,00858970169223961;18381,9816031537;0,00649798034070862;160761,678055191;0,0192669422109167;1130,34362680683;-0,000180436455264905;25524,8377135348;-0,000347731700127926;938152,509855453;0,0364945074495548
2018-03-01;26289,2667063897;-0,00222205121194862;114239,605530252;0,000177663280737355;33364,7168220241;-0,0012190947908176;20861,5241519304;-0,000634412585897406;196158,877286177;0,00558681374403281;127853,612286531;0,0128229077569625;167736,194114261;0,00858369892054956;10452,5427443218;-0,000599261974974967;981,21910946384;-0,000381198210188742;154,642745331704;-3,90496667191071e-05;37228,607388481;-0,006870292933759;18830,4768276795;0,00679893406275288;162504,477575011;0,0171288184275153;1133,68378795989;-9,50504062451716e-05;25789,4003676062;0,000177017266002843;943579,936476838;0,0392154095241548
2018-04-01;26755,3303814714;-0,00110699820876485;114741,921897925;0,00102059385476494;33259,9769440369;-0,000985699811545733;20880,9369105009;-0,000448537246429723;196748,715547055;0,00581243794739726;128469,486218822;0,0128137859032782;169006,713084259;0,0107284066971512;10381,7897191364;1,25409773959975e-05;959,5059997904;-0,000367041683770114;153,21669985328;-4,05594461010129e-05;38244,4095839447;-0,0056109236699322;18996,697495284;0,00574422471739989;163894,05653951;0,0236028299031329;1102,94291029134;-9,93100062330922e-05;26103,3444246489;0,000893255498147844;949700,13099979;0,0519702090861855
2018-05-01;26199,5612432729;-0,0018272319401706;115610,556156646;0,000908740021803859;33217,2815349811;-0,00105194506579301;20984,9751289221;-0,000218240908341226;197426,957719168;0,00578773935508103;129547,506217769;0,0117912843056796;169759,779462391;0,0121987473181617;10407,5259600658;2,33711231504832e-05;939,448058791294;-0,000338144094718869;149,359253586634;-3,7759545343363e-05;37399,3406354069;-0,00313799749934531;19256,5205783579;0,00323104177692108;166744,454241432;0,0211422373845619;1077,98417806006;-8,04003173493645e-05;26660,6267652142;0,00271066010564859;955380,794820633;0,0510984617832384
2018-06-01;25620,2343759292;-0,00208133751631571;115291,054691682;-0,000113656511664997;33104,2928281719;-0,00168699743163673;20868,1458471273;-0,000375796097761588;196276,433850204;0,00257428337808991;128971,212379521;0,00927295713684737;168530,265132442;0,0100655802505353;10301,5360415188;0,000236002574851494;912,794332792806;-0,000330281877941105;142,156494451339;-3,60786754207203e-05;37413,8791862756;-0,00160483240173222;19388,8632281751;0,00223090448095733;163438,283631945;0,015922617251156;1072,05236041122;-9,04452509399096e-05;27097,3793032356;0,00226947031728757;948427,51483806;0,0362512218061333
2018-07-01;25496,53193667;-0,00209383317839531;115124,83699228;0,00053849608706216;33464,131583783;-0,000750298984441474;20704,6796552535;-0,000487288353567436;196764,235809931;0,00292353519982794;129693,218483692;0,00894760643652989;169208,42186793;0,0108471137232977;10312,3899697892;0,00034467618387899;895,942145102557;-0,000310265685419655;136,362181418701;-4,30015300889171e-05;36341,5866776261;-0,00220766668738881;19835,3707487093;0,00180128274019965;168515,957665413;0,0169748045798105;1040,82696285993;-0,000104112409056303;26830,3245236717;0,00235029617115167;954364,817204131;0,0387325558022502
2018-08-01;24983,1313185248;-0,00249293152411473;116687,110950923;0,0018443543559883;33946,349494518;-0,000232536432827273;20974,9541684465;-0,000296875424106188;198684,669567848;0,00385629928358155;131024,421395178;0,0090850750750965;171853,660888035;0,0126086694608114;10611,6996535194;0,000633804478737958;895,682044710238;-0,000274229966323105;131,153442261142;-5,17029666047593e-05;36310,310319664;-0,00129093777601227;20295,7286178746;0,00216806352752346;172088,244280697;0,0194692920047939;1049,22753808914;-7,29488354016835e-05;28925,1986033984;0,0044026925073942;968461,542283687;0,0493560877685373
2018-09-01;24146,424796736;-0,00251847198720385;115827,281959837;0,00121138475364861;35095,831980208;0,0012548496839223;21016,9615495893;-0,000136755372074293;198707,651259735;0,00377318387105524;131235,829382207;0,00878912635332555;172783,725296851;0,012918300944161;10626,8039867502;0,000603823961266136;891,403569889172;-0,000248531981257577;132,649340757317;-5,46898727554892e-05;36113,5177224981;-0,00125913781013292;20828,0688883509;0,00280858835927371;167155,148469837;0,0160647081386918;1039,97083153737;-9,08445112815515e-05;28695,7665873489;0,00382859128689119;964300,219206311;0,0469463779623291
2018-10-01;25751,8183902235;-0,00233181200039169;117042,099098887;0,00275205586578866;35292,5417198145;0,00150141301144188;21014,7346331772;-0,000120228785309922;199354,739805905;0,00451203015680595;131973,843483832;0,0086946556855554;174160,722536047;0,0137354111210413;10665,8335439652;0,000506003230083441;899,0317299836;-0,000202520778020037;129,942306448863;-5,52003603896182e-05;35983,4544711767;-0,00163064277766188;21037,9763465257;0,00300651318948258;172427,102008547;0,0175890323496915;1022,6353873374;-9,7860321598439e-05;28092,8927893348;0,00296358371139652;974850,424692722;0,0508235720712282
2018-11-01;25446,0762580577;-0,00187365927832745;118754,707862014;0,00448814581319272;35688,6618711675;0,0019986681950794;20516,9311816092;-0,000434291330379327;201639,72210714;0,00689144126183794;132874,125363;0,00874185383906325;177410,0521405;0,0154649775360156;10924,3659888042;0,00058597229053784;914,68671521725;-0,000161669627084531;127,039821557951;-5,71800903725008e-05;37588,9658686385;-0,000474345865027944;21469,7298432938;0,00341598590508822;184016,122861513;0,0216197140881906;1069,25183144609;-6,49457009796449e-05;29141,8764002144;0,00395315201395818;997581,257448993;0,0640926898015506
2018-12-01;23236,7204118723;-0,000680023715221617;119163,50902147;0,00795749556549564;35758,8835453014;0,00220469886252572;20645,8186863924;-0,00024919525115028;201531,139559778;0,00697984822558023;133577,844365674;0,00918126057895678;180006,887852629;0,0166841525070402;11030,6240332039;0,000494864075336055;931,286993124352;-0,000126045335187665;132,134930920027;-4,50283122500913e-05;36906,8718251346;0,000761694989040168;21449,1990663862;0,00325313587177884;193629,470690761;0,0249849737052887;1071,87855962326;-7,90466257308567e-05;29863,5514673735;0,00431429644258666;1008937,93516854;0,075638166335084
2019-01-01;25461,7997510226;-0,00126645185703027;121454,597190112;0,00973423723986672;36085,2836564112;0,00293337771443001;20977,2185666015;0,000115180913361859;203157,006935799;0,00891642010015575;134163,369197937;0,00831900745324672;182200,862528899;0,0165170249228133;11161,9286857549;0,00064055714131955;934,638982749422;-9,52181699450908e-05;128,552374177485;-4,56420924703133e-05;37748,034856838;0,000969011065311493;21913,964965321;0,00384116011466901;191307,006935799;0,0216709053580781;1065,29877289703;-6,22506232522125e-05;29081,2866797083;0,00394354162643686;1016840,85008003;0,0761320181697411
2019-02-01;26093,529684195;-0,00147821552361241;122810,608628644;0,010728638813504;36213,0348632887;0,00334801232338274;21186,4352598693;0,000450646286241781;204363,643161125;0,00988790329686207;135676,911584707;0,00913316240432946;183655,64173865;0,0189331496008364;11326,0817426974;0,000882761786421466;936,932931563575;-6,44128661968021e-05;123,805247395859;-3,53424890973146e-05;39277,7393348421;0,000772864280792015;22597,6052407797;0,00449353766401528;181884,597182682;0,0225154427511429;1082,77131620785;-5,07085043201708e-05;29692,2754347695;0,00444217510208098;1016923,71174544;0,0839641754005696
2019-03-01;25492,1126051913;-0,000844818833446988;123833,412071919;0,0101674549985549;36296,5028286016;0,00310708811542171;21245,3363805102;0,000406761752494246;204826,245347631;0,00918562140460104;136140,523750017;0,00878241592803244;184054,740056437;0,0172942909353356;11166,7929027112;0,000756957763489818;941,413856574736;-4,21853531961796e-05;139,545859271034;-1,59995835827532e-05;38324,0833360695;0,00116097842402082;23195,8542492762;0,0046263991558534;181906,358655869;0,0205619898546179;1064,297523694;-7,35351204318288e-05;30643,8541411153;0,00514471915504553;1019271,07356489;0,0802169844461376
2019-04-01;26602,6466877153;-0,000160770425076506;125093,843696346;0,010900200453298;36558,8355438277;0,00347357917737462;21444,8956016731;0,000593828170349406;205831,649343765;0,00956400183618846;136806,215214961;0,00877827508285482;185427,416227833;0,0172904084221688;11240,1903310556;0,000903864897876236;953,681740663494;-6,13273488840608e-06;131,506602675639;-2,28599496504079e-05;39216,9256939723;0,00102402440337021;23653,5852355876;0,00490353490359225;183178,342676561;0,0203056580783559;1042,73345586117;-6,33983848846976e-05;31060,4098729014;0,00521961120825996;1028243,91341046;0,0827037712714473
2019-05-01;26301,2951810117;0,000106485223787631;127844,584416207;0,0128053947974309;37116,3364660753;0,00408115272175447;21907,2322224886;0,000965329320587445;208340,012179333;0,0114227274813649;137750,616207145;0,0085862203153405;187931,249532486;0,0190201333003627;11437,5938623831;0,00107817522384962;972,092064253177;3,41685803596373e-05;131,335842723567;-1,88651592755228e-05;39397,6503955886;0,00209163693787345;24527,7442339966;0,00551740592255503;188125,667945337;0,02237978177897;1061,0281467274;-1,77479298564253e-05;31240,350179813;0,00479361050528401;1044082,72059458;0,092844577005132
2019-06-01;26684,3681857671;0,00112199803695024;129644,502442336;0,0151339427906679;37632,7557836476;0,00477470643209764;22240,0756002278;0,0014465309490043;210986,017553752;0,0155094442890125;138217,706217745;0,00974928889510576;190345,597753856;0,0230015813334336;11565,7079035033;0,00133291352497329;990,607793612529;8,20447104310426e-05;129,254670356541;-1,36033844368179e-05;40426,7247380745;0,00317667455305041;25078,5081612575;0,00599902980888727;185229,180882463;0,0229758172444405;1069,19463318931;-3,01312137955614e-06;31244,4729559459;0,00437259947421323;1051484,67527573;0,108661082502726
2019-07-01;26964,0135868213;0,00153765271277533;130148,892649181;0,0157424659690566;38223,9610809735;0,00498743186188974;22632,3912556612;0,00201988963303889;213510,690912258;0,0175472259668862;139340,560145324;0,010108651835987;191770,013188673;0,0236404265057025;11711,996715274;0,00146653221101022;1023,81924053153;0,000133991837422921;130,041556761061;-6,62286008840544e-06;40184,9051908625;0,00402709576458996;25414,867740009;0,00584629367168538;193192,213706266;0,0258562088585192;1049,62113671428;9,21468781730185e-06;31040,7131836958;0,00441171822779335;1066338,70128901;0,117328176884086
2019-08-01;26954,9870648364;0,00203607026218288;131003,752631488;0,0147828706205574;38728,3348916716;0,00493771325795486;22996,1730845346;0,00208704096945544;216134,748266229;0,0180183496571608;140250,263722459;0,0095262867181346;195525,203922423;0,0244424192400764;11922,8342922372;0,00135383242542193;1008,26043560812;0,00011624456520227;142,269877417097;1,14784476931755e-05;41880,9528999432;0,00575205347560148;25816,8280454996;0,00570089692421444;194553,02642674;0,023196359550912;1063,93125720612;1,51825534365687e-05;33160,2217907314;0,0043729389370967;1081141,78860903;0,116349737605101
2019-09-01;27196,7863400563;0,00316329031412127;132021,472348044;0,0167937226038754;38895,4267441238;0,00394026122595217;23092,000233366;0,00215185959978786;219803,045186922;0,0218763757458753;141020,029830676;0,0101464256189028;198524,164042893;0,0266933868035709;12113,244427909;0,00154147060381495;992,161867999021;0,000104488515197871;139,232694573667;6,82707904159607e-06;43175,5429106476;0,00732347151591656;25921,0023164443;0,00528148114731862;195685,879780177;0,0295869800110832;1058,16847875987;1,88713502911793e-05;33945,9622903532;0,00544456549779234;1093586,18219953;0,13407231525845
2019-10-01;27179,9087342611;0,00146493278134207;133991,386318165;0,0173865516082842;39593,2347551246;0,0044116440085316;23368,7456407042;0,00241474071088294;223004,041939053;0,0242594161464331;142145,358938443;0,0104339242174688;202067,88782684;0,0286271253352418;12359,7492485291;0,00173761600924342;963,351579474381;6,5979198307325e-05;137,032898470687;7,27351790820515e-06;42743,9610974055;0,00693491683953438;26002,2500654492;0,00509234400804427;200773,802710455;0,0290780000540525;1034,44383507196;1,21130867212587e-05;33350,5104556217;0,00539325575812731;1108715,66604307;0,137318749584113
2019-11-01;26140,9297667574;0,000696538255416522;135137,156590795;0,0164221697294859;39830,0390607176;0,00415141840188576;23428,5302466272;0,00291865854864152;223589,468530884;0,0220029659336959;141876,126524784;0,00902382747727624;204855,87018229;0,0275123633657416;12545,1040541774;0,00162466771831474;926,685247996106;1,20276245060362e-05;133,262259114484;6,23752452250843e-06;43546,00590141;0,00597148351403946;25798,5482702633;0,0043393141106511;205822,53410802;0,0218592832249779;1066,09807291587;-3,16140515538697e-06;34384,7381344396;0,00525557361375472;1119082,12204549;0,121795456449533
2019-12-01;24475,5705558949;0,00122787547265301;133346,305436775;0,014057154479909;39922,4111178986;0,00412664389698227;23153,0323762981;0,00248500289513534;225353,411728772;0,0236112364681922;140531,589492975;0,00689214359467951;206314,942577886;0,0260749980828725;12700,4202810018;0,00165500392996822;884,732437385461;-4,61421402805258e-05;133,773976786805;1,62452595907605e-06;42785,3769089798;0,00582642884060377;25049,1771533293;0,00356808675881705;218472,159437996;0,0246226134247652;1054,99022602321;-1,67387239703962e-05;33979,6035430666;0,00407958897392979;1128157,49725107;0,11816342505014
2020-01-01;25962,5026728339;0,00049241031354306;135860,182653027;0,0141670011209532;40593,2102985696;0,00443326666292337;23524,2199545337;0,00250481812147081;227650,250824358;0,0240875884231354;141859,308777024;0,00756847994303241;209316,104246148;0,0266661608993336;12856,8594764622;0,00166685946042967;859,618544402805;-7,37779548694499e-05;129,448439627716;8,81224874237302e-07;43688,8483743543;0,00584242216178545;25675,2889474099;0,00369902918612372;214658,886328595;0,0229651271297354;1045,70067636765;-1,92735141667848e-05;35310,0958562634;0,00612564805600097;1138417,10993506;0,119562721979027
2020-02-01;26866,1931802236;0,000759804778966584;137337,171055709;0,0142848104132915;40684,6489545816;0,00439719719350224;23944,7266944198;0,00271238776585922;229586,308760934;0,0248029083288034;143294,097712709;0,00749042041209493;210837,878291782;0,0267298679725703;12943,8316572337;0,00159082721334094;840,325132139015;-9,50000460297486e-05;130,134384208803;6,22380689902596e-06;45128,3850975256;0,00575327892850636;26111,6155105477;0,00345552987818192;204336,203049722;0,02207796475559;1056,20697881098;-2,61222519349767e-05;37157,9062631554;0,00734138730581075;1140254,62393002;0,121278430977776
2020-03-01;26108,4779535906;0,000604711900872031;138106,076013978;0,0140028146704292;43363,9247712906;0,00693380016953759;24047,9455416389;0,00274962101232462;231745,378695669;0,0264101808107717;144460,056343005;0,00816223751341323;211000,938395697;0,0264367340917622;12827,9231614904;0,00162972373283339;818,567670501394;-0,000120523567537034;127,019121284699;-1,22898984492151e-05;46251,0895598571;0,0077771325306652;26430,058109859;0,00317305567131545;193654,763634222;0,0115262811660724;1001,03164631513;-6,20697271017465e-05;40134,0099729082;0,00931072810552868;1140077,26059131;0,118522138182438
2020-04-01;24926,6468301228;-0,00162996331486526;139669,108865303;0,0141749102317702;47846,016014899;0,010977142994831;23918,4575039714;0,00240561784031765;233139,483974786;0,0265577401187294;144954,771460884;0,00792473083443322;208243,173834517;0,0221890519448927;12376,3582374796;0,00110495952527021;794,821274177546;-0,000154496870260133;126,402874392103;-4,96353853105523e-06;46987,4876920278;0,00755711937285602;27300,9984227041;0,00354722565292779;166655,61693652;-0,0160688777483145;924,25781755506;-0,000115221336845217;40133,4182309904;0,00882378999744899;1117997,01997033;0,0872877586624148
2020-05-01;22572,3352912937;-0,00357151767399667;139450,683544661;0,0111160724141136;50965,1396458727;0,0132640861750024;24196,4633870831;0,00219257643042961;234811,364688938;0,0253536927558098;144950,387309028;0,00689578609038143;207624,475445483;0,0188617487144907;12264,19728333;0,000791702998854523;768,415605320381;-0,000195076936831985;122,824687244077;-8,15180187508885e-06;45402,5009177939;0,00575131682936549;27201,1003642936;0,00256048307051239;163959,791590184;-0,023145557223082;880,074411905905;-0,000173313599825165;40408,3070232414;0,00878087211155782;1115577,04611561;0,0684757290881299
2020-06-01;21833,4357501512;-0,00461341239647064;138414,769381424;0,00834084142670777;53122,1210468204;0,0147309472286042;23989,949459765;0,00166419340260786;235578,367596414;0,0233882153691054;145475,579996845;0,00690250076844661;207198,444688346;0,016027667669118;12322,5015773285;0,000719738186984806;738,074410473462;-0,000240168391491625;118,456386866111;-1,02695586006501e-05;43521,0790241594;0,00294284297131903;25972,3221562081;0,000850049473822575;169699,40488709;-0,0147693792981823;832,232051315755;-0,000225359995676029;40649,777202345;0,00894478490039115;1119466,51561555;0,0646531917566859
2020-07-01;20130,9297837268;-0,00640798631319909;138307,70946726;0,00765124327590837;54459,940538447;0,0152259122151782;24385,1082301301;0,00164367754105724;237085,960019683;0,0221086124689343;146471,051176602;0,00668689134386463;207579,091302859;0,0148255691133373;12351,9470945603;0,000600138003537506;706,171428143763;-0,000297886414517065;121,057959110359;-8,42471312336519e-06;42218,9632397378;0,00190751592005105;24727,0969646168;-0,000644983413394591;177755,454259696;-0,0144764130082773;808,061877061649;-0,000226531456994508;39324,6692006743;0,0077685973574482;1126431,19490966;0,0563540398074365
2020-08-01;19953,901149052;-0,00647564083596464;138948,674138491;0,00734863973505677;58107,5475131872;0,017924765119336;24296,5189660772;0,00120275240051133;237627,241827284;0,0198794402246781;148640,310193637;0,00776035720714488;208070,267860143;0,0116035325522469;12713,856519694;0,000731654474733205;675,294682554793;-0,000307976027345792;119,761650110313;-2,08189411823055e-05;40585,1097815009;-0,00119858757851685;23505,4882350965;-0,00213786927372115;187944,272239083;-0,0061127543651413;814,177940665913;-0,000231008845621937;40688,7690248737;0,00696351515912485;1142690,18532103;0,0569290701372209
2020-09-01;19503;-0,00703537267139;139965;0,00726374178940233;57881;0,017360838647111;24137;0,000955571480001889;240883;0,0192759886291536;148065;0,00644208045419402;209163;0,00972839281464647;12951;0,000766062689641874;644;-0,000318367106009663;106;-3,0388729406608e-05;39212;-0,0036243535033295;22451;-0,00317304879389116;195503;-0,000167229417446606;808;-0,000228759729074764;41396;0,00681248339720473;1152669;0,0540266681878103
