"Data";" Saldo (R$ milhões) - Pessoas físicas - Crédito rural com taxas de mercado - 20607";"20607 - Contribuição para a variação total";"Saldo (R$ milhões) - Pessoas físicas - Crédito rural com taxas reguladas - 20608";"20608 - Contribuição para a variação total";"Saldo (R$ milhões) - Pessoas físicas - Financiamento imobiliário com taxas de mercado - 20610";"20610 - Contribuição para a variação total";"Saldo (R$ milhões) - Pessoas físicas - Financiamento imobiliário com taxas reguladas - 20611";"20611 - Contribuição para a variação total";"Saldo (R$ milhões) - Pessoas físicas - Capital de giro com recursos do BNDES - 20613";"20613 - Contribuição para a variação total";"Saldo (R$ milhões) - Pessoas físicas - Financiamento de investimentos com recursos do BNDES - 20614";"20614 - Contribuição para a variação total";"Saldo (R$ milhões) - Pessoas físicas - Financiamento agroindustrial com recursos do BNDES - 20615";"20615 - Contribuição para a variação total";"Saldo (R$ milhões) - Pessoas físicas - Microcrédito destinado a consumo - 20617";"20617 - Contribuição para a variação total";"Saldo (R$ milhões) - Pessoas físicas - Microcrédito destinado a microempreendedores - 20618";"20618 - Contribuição para a variação total";"Saldo (R$ milhões) - Pessoas físicas - Outros créditos direcionados - 20621";"20621 - Contribuição para a variação total";"Saldo (R$ milhões) - Pessoas físicas - Total - 20606";"20606 - Contribuição para a variação total"
2012-03-01;5495,9572300539;0,000397327463060373;117228,830313373;0,0325854629570631;45252,4473865229;0,036422562514193;276101,429945928;0,185891572465692;4,69472428535356;-6,30479799442421e-07;7319,0751608662;-0,00364205467429286;33529,7208459951;0,00874636723681733;1372,42439941836;-0,00206258933565311;2904,46942453873;0,00283467397925141;2438,12681219361;-0,0011251701759324;491650,306059366;0,260047101630533
2012-04-01;5586,95925836203;0,000549376304968851;117333,919208873;0,0314523989918201;45997,17278642;0,0357222639264067;280809,622173003;0,189410014510812;4,6648699624509;-6,03998951393542e-07;7428,02793687598;-0,00310515487873289;33517,0906802097;0,00818477967526152;1306,16358948625;-0,00215082007163664;3032,16547559309;0,0030152619791519;2441,28194701597;-0,00117013101728389;497453,958012493;0,261899496454457
2012-05-01;5793,13242469698;0,00138846526392449;119103,951792272;0,0332110325075329;46659,5835704064;0,03493302383737;287045,915662339;0,1841024555553;4,64814048518078;-5,76505247110096e-07;7220,11155364748;-0,00326939925773528;33012,6431059156;0,00717236690458706;1248,8004103519;-0,00207584150671085;3264,54400075863;0,00332781761938161;2460,41569682236;-0,00127575060893051;505815,295737858;0,257517445754244
2012-06-01;6136,8404580328;0,00249647604389722;120705,645013093;0,034856375972256;47780,3499132862;0,0334522142671426;295040,525724147;0,18203582718989;4,64443021546378;-5,55836954531852e-07;7144,68181478844;-0,00156293892537006;33069,8912775072;0,00638357858225845;1192,07042196904;-0,00193806085343102;3466,29308414113;0,00353186793670306;2675,19180410713;3,17988109385628e-05;517216,133941287;0,259290537804147
2012-07-01;6096,68389227206;0,00271549484879912;117185,817823141;0,0294567036624746;48750,3484432627;0,0314560043196293;301684,883566344;0,176730122049553;4,6245389827601;-5,74625815340099e-07;7066,29556565743;-0,00157573782035311;33259,6843640106;0,0057127484653193;1133,01205077622;-0,00180753397498489;3547,021399777;0,00353233041005793;2731,56102581697;0,000203250687471794;521458,391157046;0,246422999564091
2012-08-01;6193,07282946663;0,00233405534350174;121276,148050706;0,0322257766423081;50229,290241569;0,0302392141580869;309708,90935183;0,159224393248799;4,60565654149725;-5,55090814066522e-07;7192,50029897154;-0,00121244399091206;34688,2698517101;0,00925587591458468;1086,93494379335;-0,0016210707333478;3712,15917244678;0,00366236400375834;2740,36564219086;0,000561533016240752;536832,256039225;0,234661710745117
2012-09-01;6171,7086487772;0,00207000150105252;124102,787466804;0,0321331152926932;51410,0430060645;0,0261145947613536;311607,93630346;0,156969599876114;4,5795513100004;-5,47420889151563e-07;7083,03935946728;-0,00131221005821921;34505,3926037497;0,0087211511870189;1057,87635261009;-0,00146849689434955;3756,75859130366;0,00367525864820252;2816,42405565024;0,000808982333987488;542518,0724563;0,227714903725337
2012-10-01;6205,31558726674;0,00188868871256197;126759,012074643;0,0329804510482662;52811,1964873765;0,0263956319532604;317873,323271131;0,156649961921284;4,55268935236004;-5,50774320665437e-07;6832,06915477497;-0,00147660823646016;35073,9187705818;0,00852752350479955;1267,16520307355;-0,000902844152119145;3915,31284302964;0,00384954085926467;2895,51042810099;0,00108130353069268;553637,37650933;0,228989546019838
2012-11-01;6281,43958681894;0,0019190910608949;129828,486215174;0,0363368034442325;54123,8642976649;0,0263073805398788;323494,138721176;0,152760773189526;4,5255328435295;-5,45271879263906e-07;6868,25034552993;-0,00118109626603826;36077,5478286172;0,0097953050028577;1319,94707936277;-0,00071016796857736;4164,99872699498;0,00381015641179658;2888,79846511966;0,00124986613854663;565050,488288354;0,230280815581461
2012-12-01;6474,66189770324;0,00235462423795325;135162,68299995;0,0425279847192864;55458,1881547609;0,0272858238320477;329315,732166353;0,151326641339065;4,49005679452374;-5,60402434403854e-07;6802,43604370347;-0,000818533755642964;36854,3861694509;0,0102860167269854;1385,93086390966;-0,000430329870129852;4677,14249429556;0,00416033428670807;2954,45737079662;0,00120923125762419;579088,61153212;0,237898032957555
2013-01-01;6407,58523602977;0,00202088426536106;133487,896593861;0,0372969073913447;56663,6503561363;0,027387242798615;333863,682144194;0,147252552155052;4,45177297547228;-5,76523170413799e-07;6566,36513882161;-0,0011221819660372;38273,3761944603;0,0116371248383707;1397,8567142983;-0,000257267747004657;4650,61883504337;0,00401518562618386;2901,07205568277;0,00111925566050298;584216,555041503;0,229352441258848
2013-02-01;6407,72206476182;0,00203120921313897;133416,030753111;0,0361486846876726;57737,3519933028;0,0283978504272192;338345,130894278;0,14512532310337;19,175963821801;3,00843825684785e-05;6460,82473380681;-0,00111849688295119;38908,0305944343;0,0115854860277322;1416,071174533;-4,23985393531447e-05;4608,1316137928;0,00382897283977006;2885,24501811099;0,000980806909672759;590200,764655672;0,226961389140473
2013-03-01;6549,52231770876;0,00214291555333161;135283,385887235;0,0367223519467953;59568,206455144;0,0291177670229955;345641,827527897;0,141442803400945;32,2998186481938;5,61478230006573e-05;6410,04582809156;-0,0018489347440066;40126,6519760812;0,0134179335368694;1425,59654124528;0,000108150327929432;4665,85562108909;0,00358259961367272;3372,39470158642;0,00190026910972775;603075,786674727;0,226635637651584
2013-04-01;6605,68295681657;0,00204787535016247;136794,874777258;0,0391211191607331;61569,8128293732;0,0313046861767296;352497,289932352;0,144109151419293;49,6448321246161;9,04203523515549e-05;6345,77765922299;-0,00217557878517435;41361,4458704118;0,0157690074907497;1400,27629433844;0,00018918877483295;4761,52345759921;0,00347641817730334;3285,31977295254;0,00169671546952566;614671,648382449;0,235635255247104
2013-05-01;6723,90334783125;0,00184013993047899;140083,259427242;0,0414762222727302;63938,1817482759;0,034159896554066;360913,00421177;0,146035695582669;55,2809016048437;0,000100101285086293;6334,02751546025;-0,00175179367973572;41382,1191329311;0,0165465063977683;1374,74873727835;0,000249000629256811;4892,35979202866;0,0032182019899091;3313,94457515352;0,00168743192529613;629010,829389577;0,243558339753264
2013-06-01;6866,06842989085;0,0014099095600541;146244,93597817;0,0493783725779434;66494,3613560034;0,0361821880924572;370197,457493703;0,145310493694088;56,588476070529;0,000100430057081247;6287,12479009236;-0,00165802450546415;41683,9420654912;0,0166546443985481;1349,41750629723;0,000304219211278616;5120,53159109992;0,00319835055096438;3359,03390008396;0,00132215925045845;647658,010600336;0,252199937509791
2013-07-01;6759,57821163671;0,00127123147427692;143134,793908039;0,0497623137817789;68957,8516315445;0,0387518995397583;379598,184841123;0,149414224789634;58,0221305719889;0,000102400483901979;6304,1044866466;-0,0014616527261545;42266,2210151653;0,0172718222659538;1238,77248771196;0,000202816636435883;5163,96962090701;0,00310081925720329;4303,79153517728;0,00301506416623529;657785,289868524;0,261433895826255
2013-08-01;6822,98507763121;0,00117338748012666;147535,656543969;0,0489156681586294;71566,8186636965;0,0397471056965855;388344,340906346;0,146480452077698;59,3303050228801;0,000101939940951283;6296,24773547686;-0,00166952069927257;42780,0440827172;0,0150731893249272;1135,95827909661;9,13196529302318e-05;5349,85701633141;0,00305066960016084;4603,1634214093;0,00346998109421043;674494,402031697;0,256434192326947
2013-09-01;6822,26196111784;0,00119913666542978;151847,602360531;0,0511408122647588;73486,0430223135;0,0406917320123511;391630,426532299;0,14750198065574;59,1233862620654;0,000100538281987755;6343,50673577624;-0,00136314836544106;43351,8624682067;0,0163063136761579;1018,07587075654;-7,33624995631021e-05;5501,35898999462;0,00321574614241352;5336,96713550986;0,00464600758542038;685400,112530389;0,263368258733165
2013-10-01;6796,50426827647;0,00106782653428704;153922,181474882;0,049063106200492;72298,1726192059;0,0351980862540284;394278,977674654;0,138006676654056;58,7883280589315;9,79623865869132e-05;6273,14476238598;-0,00100954960070253;43890,5054118022;0,0159248400041356;975,025928782278;-0,000527672600670855;5864,49418929341;0,00352068236171717;5475,91767944047;0,00466082558877958;689833,712336782;0,246002783782709
2013-11-01;6908,31294420742;0,00110941123029093;157129,891670921;0,048316754027499;73742,3900508119;0,034719951862311;401194,141752257;0,137509841406295;54,1940321799921;8,7900993567704e-05;5432,23864667342;-0,00254138652849672;45408,8943318671;0,0165141818238514;911,315435868815;-0,00072317722391813;6477,61300425064;0,00409275688666513;5664,70252155075;0,00491266552983581;702922,268231846;0,243999045750995
2013-12-01;7204,28095161962;0,00125994371049019;161762,816055502;0,0459344779466038;74548,3391606101;0,0329658546648699;406957,084269236;0,13407508031882;49,4605400758507;7,7657343601261e-05;5410,98308429807;-0,00240283254012538;46921,0946325277;0,0173837099583826;795,608116077256;-0,0010193996843947;7287,65729060463;0,00450797122292271;5799,60161346546;0,00491314141913674;716736,925714016;0,237698188913981
2014-01-01;7197,20771197773;0,00135159209223687;162308,909789723;0,0493327567443106;75307,1628257963;0,031911989327888;412963,157750686;0,135394101594524;44,9737642615285;6,93612512969227e-05;5403,87886204928;-0,00198982084081774;48830,2645469545;0,0180701629582274;629,632699661399;-0,00131496447337464;7496,56433034353;0,00487138796520063;5959,02376465252;0,00523427773927515;726142,181476239;0,242933250025161
2014-02-01;7005,51750784397;0,00101286795761931;163277,82965383;0,050596001715011;76445,1450228329;0,0316973378379888;418709,131493927;0,136163836803115;40,4781844446055;3,6093176929773e-05;5359,86994025121;-0,00186539032052576;49176,8067018049;0,0173987848242817;406,177643909662;-0,00171110169810186;7654,56425842126;0,00516168874570295;6094,06045810854;0,0054368202011219;734172,372464301;0,243936667707678
2014-03-01;7178,15669585828;0,00104238039735556;164628,741746572;0,0486594827843157;77128,5330060179;0,029117943281555;422660,654233297;0,127710029829038;35,959937204685;6,06908557326195e-06;5358,03064349807;-0,00174441622071108;48999,563664907;0,0147127639425714;345,768626968125;-0,00179053435428269;7461,68696997214;0,00463595357442364;5761,88839979684;0,00396217813914524;739558,983924092;0,226311850458984
2014-04-01;7343,33131609122;0,00120006894935829;167570,836412282;0,0500689461048227;78083,8606828895;0,026866454467152;428388,928780736;0,123466958412835;31,598993502357;-2,93585016809349e-05;5297,63995413428;-0,00170519936594921;49026,5253535482;0,0124702017789622;324,233150719837;-0,00175059830146759;7341,95744680851;0,00419806899504782;5929,61982418142;0,00430197172455822;749338,531914894;0,219087514263639
2014-05-01;7472,4536150461;0,00119004352904589;170998,020253389;0,0491482171398354;79582,1780319844;0,0248707900607851;437350,51128077;0,121520176597243;27,3515871707397;-4,44019611891387e-05;5107,90890413565;-0,00194928060700399;48445,1311968142;0,0112287606729083;307,705355670822;-0,00169638316504509;7477,92393248025;0,00411052404767139;6118,55005009448;0,00445875546795067;762887,734207556;0,212837201782202
2014-06-01;7580,25848087067;0,00110272711722938;174216,542624144;0,0431888530492291;80713,0667176984;0,0219540330374595;445647,005737283;0,116495970108735;24,518356272358;-4,95170588076941e-05;5057,59204662584;-0,00189842899082932;48450,9962559874;0,0104484991766312;294,220275268296;-0,0016292506442572;7704,21239313648;0,00398926711281108;6075,1038319287;0,00419367920629457;775763,516719214;0,197798072473671
2014-07-01;7525,01281980034;0,00116365418922126;172000,682164942;0,0438834505749929;82242,6016490179;0,0201961798509186;456166,958132932;0,11640390028654;20,4298990582815;-5,71496992905105e-05;4712,49671611026;-0,00241964634212855;49315,0523401504;0,0107160063223578;283,294600274836;-0,00145256803725134;7812,39339988683;0,00402627395256768;5085,68287224153;0,00118867257919455;785165,966587685;0,193650844251354
2014-08-01;7356,79562417163;0,000791423242257439;176226,163250702;0,042536315528064;83644,6604235225;0,0179065114898588;464946,766256281;0,113570142493688;25,8133179795496;-4,96920166310816e-05;4552,65413418266;-0,00258503791290511;50273,4746586975;0,0111097001745438;274,436327993106;-0,00127728554678652;7947,784746335;0,00385166685176063;5170,81517000872;0,000841595937474864;800419,363909873;0,186695340241325
2014-09-01;7602,84247502029;0,0011388683772179;178962,644378689;0,0395608951945665;84413,4359873122;0,0159430860386884;469647,086619697;0,113826447736306;39,1759829025566;-2,9103297467907e-05;4506,58892975617;-0,00268006639105801;51080,0781210852;0,0112754805719934;264,775608582796;-0,00109906644075776;7727,12490353875;0,00324739648105243;3293,48435573907;-0,00298144506020953;807538,588258286;0,178200256310114
2014-10-01;8023,05314371257;0,00177803556639937;179960,418226048;0,0377456715807092;86107,9156062874;0,020018944769025;478185,536489521;0,121633021573616;49,7741392215569;-1,30671909420597e-05;4458,14857784431;-0,00263106333031108;51635,9610778443;0,011228003977661;260,977919161677;-0,00103510164384659;7661,1816991018;0,00260452262288282;3186,89015718563;-0,00331823087407668;819528,511788922;0,188008786947807
2014-11-01;8264,75167806893;0,00192971370401103;181969,08642055;0,0353370434715497;87191,4571769717;0,0191330787684249;485440,060668646;0,119850974601081;62,9058022460307;1,23936464382505e-05;4386,00668000516;-0,00148840350342006;52037,8210920356;0,00943052604784192;260,992158254808;-0,000925170971250991;7706,62998580095;0,00174843938952429;3312,59277784949;-0,00334618755160203;830632,304440429;0,181684436502244
2014-12-01;8134,38609952067;0,00129769391604105;185886,327114728;0,0336574134717485;88536,650401738;0,0195166604918432;491834,864995345;0,118422502986787;71,7154039794476;3,10502544311171e-05;4382,60802096624;-0,0014348012868283;52892,7665609159;0,00833174867115873;262,956481257974;-0,00074316198274374;7791,74583606331;0,000703310416100729;3389,21686954723;-0,00336299785519911;843184,565847098;0,1764212720129
2015-01-01;8078,04887840008;0,00121304227862319;183546,703323439;0,0292474312544961;88956,922473359;0,0187976404563262;495019,896842003;0,113003680525068;65,5898739720695;2,83912851180587e-05;4314,50190988273;-0,00150022541033473;53573,8090603864;0,00653252852463169;262,359495888278;-0,000505786901163706;7580,87763369179;0,000116111287154336;3734,68742396964;-0,00306322425197891;845132,085117513;0,163865847043024
2015-02-01;8429,10483277809;0,00193903690512863;181837,460159506;0,0252796634710997;88737,5825653673;0,0167432581278888;495037,5425446;0,103965245647247;59,6154400842239;2,6066433929382e-05;3860,74773936746;-0,00204192129411224;53916,9816048688;0,00645648771439494;261,789541239418;-0,000196667850883023;7318,44326425244;-0,000457822994674412;3518,60695279713;-0,00350796843071979;842977,874644861;0,148201575353955
2015-03-01;8682,54840745292;0,00203417407440899;179941,594705902;0,0207053842792638;88204,3566707629;0,0149762546402679;497239,6214587;0,100842487004468;52,4432063502607;2,22879709446779e-05;3709,39752233551;-0,00222921113393137;53892,4295891594;0,00661592385544547;262,216031751304;-0,000112976242643274;6987,73747052376;-0,000640854224951212;3109,49840579229;-0,0035864482098926;842081,84346873;0,138627022013381
2015-04-01;8607,36262687889;0,00168686282227808;178805,035463666;0,0149921545108267;88809,3882723742;0,0143133271981572;503400,530011613;0,100103755560506;46,9931263382793;2,05436290545256e-05;3623,55106603003;-0,00223408888880466;53633,1280814286;0,0061475588558198;266,717744082126;-7,67549034089219e-05;6721,28715086957;-0,000828290911923144;3052,0130429969;-0,0038401959309779;846966,006586278;0,130284871941527
2015-05-01;8655,09136931207;0,00155021204462597;178284,796158163;0,00955157040549725;88677,8094163588;0,0119226341918086;505738,484602254;0,0896435612410542;42,8657110788944;2,03360510498571e-05;3526,33511434317;-0,00207314093394794;52534,4504396016;0,00536031588846433;272,3233409718;-4,63790582971883e-05;6612,66631202357;-0,00113418735373358;2943,86574615349;-0,00416140430837923;847289,948966469;0,110635170778548
2015-06-01;8674,80349805934;0,00141092613096529;177128,604836221;0,00375380144762823;88698,1458174318;0,0102931871989845;507813,114880556;0,0801353863690066;37,5261867255631;1,67677780313988e-05;3456,16179742436;-0,00206432787142929;52637,9821199474;0,0053972451316958;277,693781769167;-2,13035198780949e-05;6518,29863423031;-0,00152870524760113;2910,78121701285;-0,00407897838286867;848153,112769378;0,0933139990345344
2015-07-01;8617,63040365589;0,00139157532337277;172195,969090016;0,000248720567859915;88574,3722778532;0,00806424488360482;511545,623814014;0,0705311590640603;33,5654963789251;1,67297079593639e-05;3380,16980201102;-0,00169687298073999;52431,7916769462;0,00396952933446811;284,685135954587;1,77100860063289e-06;6573,86462413912;-0,00157741016352293;2851,82402567608;-0,00284507854597131;846490,739513178;0,0781042168600474
2015-08-01;8915,0281826234;0,00194677019161574;175650,988002255;-0,000718592370926071;89151,5222642725;0,00687997078662634;516177,278766406;0,0640045891192288;29,7705129237459;4,94390206262162e-06;3359,10620822933;-0,00149115323762673;52481,6929704485;0,00275882669924972;289,022062968033;1,82226163341163e-05;6662,39270472663;-0,00160589823230851;2766,17682583139;-0,00300422310178904;855484,218938723;0,0687950061076363
2015-09-01;9106,50205257522;0,00186202814257835;176314,020095558;-0,00327987333564323;89264,9410656916;0,00600776872947109;518268,662473799;0,0602096005826423;24,6755237842439;-1,79563668277296e-05;3281,84466330444;-0,00151663868979101;52455,2284605457;0,00170289118000724;292,40495684329;3,42142761500544e-05;6531,61114568936;-0,00148044164728758;2669,89167345519;-0,000772214097692661;858211,015887436;0,0627492337405711
2015-10-01;9513,37725121711;0,00181851404321657;173651,56402138;-0,00769815096596987;89287,952711674;0,00388032516214106;518843,735573486;0,0496116956263223;20,8036291832635;-3,53502161566711e-05;3213,54883736765;-0,00151867777944646;52394,5519694958;0,000925643074937789;291,25080856569;3,69393974322275e-05;6283,91975623872;-0,00168055402960502;2577,20253293841;-0,000743949253109387;856077,907091547;0,0445980765487244
2015-11-01;9779,28209506904;0,00182334639395033;173289,072565696;-0,010449887162409;88713,7897291285;0,00183273940107871;518465,504443371;0,0397594020822164;18,1726005235426;-5,38543968051225e-05;3137,80235706502;-0,00150271584221736;52190,4971969127;0,000183807087758171;291,973115078251;3,72980398881948e-05;6264,70115381591;-0,0017359411911585;2358,80354795582;-0,00114826888479398;854509,598804615;0,028745925527508
2015-12-01;10243,0974122947;0,00250088936418741;174249,05484324;-0,0138015717351241;87723,9214185085;-0,000963880289261386;519211,999935458;0,0324687334766484;14,3998557811078;-6,7975091717622e-05;3063,56931743068;-0,00156435347249318;52169,4775069717;-0,000857806325258752;295,197043512709;3,82366608221115e-05;6436,73553415517;-0,00160701506739137;2285,97710525086;-0,00130842025457144;855693,429972603;0,0148352622096892
2016-01-01;11356,4659368867;0,0038791771324488;171508,230353191;-0,0142444869651049;87452,1343426596;-0,0017805360335954;515569,808229474;0,0243156208944711;13,0343411212181;-6,21861763105867e-05;2971,82977563772;-0,00158871276796729;52510,6206169798;-0,00125801453066205;290,310324972584;3,30727345186752e-05;6209,08613410751;-0,00162316816949807;2157,77592561255;-0,00186587579163773;850040,480920745;0,00580784458390271
2016-02-01;11335,031734761;0,0034472161006683;170358,99746906;-0,0136165646047137;86615,7548277349;-0,0025170621927963;513803,882553069;0,0222619603348137;10,5693416507303;-5,81819522299518e-05;2885,43027064937;-0,00115699059020852;52793,8615453979;-0,00133232448116634;287,72096715877;3,07616922096281e-05;6024,52474091628;-0,00153493770388847;2038,70856729642;-0,0017555601754366;846154,482017695;0,00376831642725151
2016-03-01;11505,1721240013;0,00335195888433044;171548,559452344;-0,00996700655483251;86382,9230934391;-0,0021630125283558;516247,679150799;0,0225726962759344;9,35474916068811;-5,11689659666349e-05;2819,28752830238;-0,00105703501498924;53112,7577034518;-0,000925886113986163;288,827880336245;3,16024490865655e-05;5825,67003981852;-0,00137999345279601;1906,0301414902;-0,00142915831001025;849646,261863142;0,00898299666841473
2016-04-01;11584,176124422;0,00351467883527141;172369,100462379;-0,00759881146496896;86043,9176124422;-0,00326514953189003;513675,168137873;0,012131110394468;8,13577133249265;-4,58782934658764e-05;2778,94703656999;-0,000997211249202598;53078,9344262295;-0,000654328096865206;288,238755779739;2,54095341846771e-05;5703,17570407734;-0,00120206884204923;1825,89953762085;-0,00144765373797933;847355,693568726;0,000460097547502869
2016-05-01;11747,0938328168;0,00364928495525807;170748,0337331;-0,00889513965586001;85417,2640704308;-0,00384820491486447;513779,088622378;0,00948979039575759;5,76629385078381;-4,37859758319626e-05;2781,66015361811;-0,000878890351093412;51543,7474733863;-0,00116926085034253;286,008174998877;1,61512998516859e-05;5647,50819745767;-0,00113911196013031;1728,73489646499;-0,00143413816152396;843683,752189732;-0,00425615432017767
2016-06-01;11923,3364914666;0,00383012565125209;171297,26015061;-0,00687534431910646;85125,1525069326;-0,00421267487757337;516221,284362018;0,00991350424218532;4,59694900875822;-3,88246381709133e-05;2465,1139059466;-0,00116847757386848;51617,9911820939;-0,00120260236329618;283,86160129082;7,27205905253855e-06;5758,82787072187;-0,00089544063692537;1665,24477842267;-0,00146852781630815;846363,819035764;-0,00210963528480346
2016-07-01;11883,3690275001;0,00385797324341943;167699,100666032;-0,00531236576382445;85470,1656492062;-0,00366714777108167;517558,792745532;0,00710364408118094;3,4298736850587;-3,5600652537791e-05;1872,71103204205;-0,00178083314985337;52004,8881040884;-0,000504321610302861;283,53622463152;-1,35726390075862e-06;5754,18475230015;-0,000968327039596872;1608,61075829253;-0,00146866729823711;844138,78883331;-0,00277847183682267
2016-08-01;11642,3571908106;0,00318805297375393;167514,260229609;-0,00951125408571455;85140,143801433;-0,00468901514959071;519876,552227904;0,00432418667650745;3,4148486089589;-3,08078907025108e-05;1844,01824883781;-0,00177102969973084;51929,6027964381;-0,000645354013304135;281,155868804283;-9,19501960364421e-06;5639,0533362608;-0,00119621069075399;1579,93662307832;-0,00138663014055907;845449,356888915;-0,0117300375946814
2016-09-01;11679,6815440468;0,00299830629511408;168974,931178581;-0,00855161350893136;85194,9114866903;-0,00474245786136016;523185,812820507;0,00572953534233468;2,27474565080276;-2,61017135864628e-05;1797,04906413418;-0,00173010550049268;51979,0754936684;-0,000554820385735684;275,244223747134;-1,99959366385102e-05;5519,67032167289;-0,00117912821588531;1545,68966972047;-0,00130993658077464;850153,203175594;-0,00938908096339119
2016-10-01;11657,3227488291;0,00250438129503411;167926,252614215;-0,00668783922553965;84948,93921765;-0,00506847970036444;518149,618545465;-0,000810810584259571;1,13442222156765;-2,29759544064399e-05;1729,99388789066;-0,00173296721850614;52153,9272143509;-0,000281078104167372;272,261333176235;-2,21819477318014e-05;5306,82715249345;-0,00114135944363389;1482,68984358891;-0,00127851995745109;843630,101402103;-0,0145405057020265
2016-11-01;11763,1922829744;0,00232169444401875;168165,636616808;-0,00599576172819504;84769,0422710032;-0,00461638753226844;521415,840915105;0,00345266627298451;1,13238277656665;-1,99415170652427e-05;1690,64748541402;-0,00169355016453349;52463,2940383331;0,000319243741441945;271,771866375997;-2,36407510582833e-05;5339,18479151178;-0,00108309650775;1298,84304472195;-0,00124043135936292;847179,7180778;-0,00857787991740389
2016-12-01;11993,3329668949;0,00204540024884413;171463,001444814;-0,0032559013553659;84375,5755700735;-0,00391302040094224;526579,911740687;0,00861045737544765;0;-1,68282883527209e-05;1635,91635781142;-0,00166841640897601;53332,6796595264;0,00135936786682107;270,959231107482;-2,83253459197457e-05;5491,44041711163;-0,00110471237002931;1212,54255920598;-0,00125446159622757;856356,488944029;0,000774879119321392
2017-01-01;11904,0608279358;0,000644198603878185;173032,902312338;0,00179364629493318;83684,9627647924;-0,00443175550155765;527581,362526988;0,0141305673872177;0;-1,53337887003917e-05;1571,23705372509;-0,00164767767341567;54087,8954285178;0,00185552905648624;267,683907506493;-2,66180469918123e-05;5252,45314308958;-0,00112539698107286;1174,21008166714;-0,00115708118145155;858557,89276886;0,0100200073282268
2017-02-01;11892,9314797065;0,000659335566733838;173952,479639975;0,00424683937423135;82783,0538269777;-0,00452955232432016;529737,108575017;0,0188301620573515;0;-1,24910307459782e-05;1497,68653566669;-0,00164005954524231;54546,7301290941;0,00207157040581573;264,561394024954;-2,73703840445194e-05;5207,15116629623;-0,000965986225908748;1182,67911312003;-0,00101167041287207;861064,381859878;0,0176207774809987
2017-03-01;11900,1851010745;0,000464914629538928;175635,63926756;0,00481033107384455;82603,5212757353;-0,00444820625634972;531265,771544832;0,0176756999567101;0;-1,10101692675898e-05;1462,6425589368;-0,00159671739906283;54827,8496232649;0,00201859526345956;263,901868432023;-2,93369288173688e-05;4978,35219601426;-0,000997259544161615;1108,16420176328;-0,000939056611603661;864046,027637613;0,0169479540142905
2017-04-01;12209,6152173373;0,000738106910311949;177697,136342173;0,00628783864937985;82140,7614571166;-0,00460627831375873;534174,57408604;0,0241922088961624;0;-9,60136503978394e-06;1427,09788254592;-0,00159537389585549;54827,1353169968;0,00206312520708341;263,532942316773;-2,91563668604328e-05;4853,02613266397;-0,00100329717244583;1071,99840942416;-0,000889710347046297;868664,877786614;0,025147862201931
2017-05-01;12579,3139544247;0,000986412408023633;177135,665109912;0,00757112052974082;81231,1981641034;-0,00496165286514371;536513,306224334;0,0269463736180179;0;-6,83466267522366e-06;1441,61164344955;-0,00158833035090523;53361,8950801192;0,00215501081064313;268,284483452774;-2,10075060709683e-05;4845,81890651421;-0,000950224878531459;1036,40188420968;-0,0008206072600763;868413,495450519;0,0293116267755575
2017-06-01;13111,5302435501;0,00140388060708592;177335,371264437;0,00713417915324632;80823,7525531479;-0,00508221152303647;542198,763676285;0,0306930409003801;0;-5,43141011627291e-06;1423,73522174878;-0,00123041493596007;53690,2156232992;0,00244838495526203;270,018748952356;-1,63556759246105e-05;4956,29455721638;-0,000948213162537815;1007,54929877677;-0,000777083642818278;874816,115407459;0,0336170990911562
2017-07-01;13040,0591365995;0,00137026058321294;172049,749941679;0,0051539501953938;80199,4247368323;-0,00624392692540361;545452,928598414;0,0330444901026702;0;-4,06316322674753e-06;1357,99164717468;-0,000609756821598938;54015,787428234;0,00238219040606448;268,259005712375;-1,80979942175856e-05;4929,95492240708;-0,000976415064437738;907,182944628985;-0,000830938967551765;872220,225253774;0,0332663737195116
2017-08-01;13316,4194005032;0,00198008573316898;174999,926438316;0,00885406813277707;79363,0154726802;-0,00683320447485056;548519,602334193;0,0338790843861893;0;-4,03909303512261e-06;1316,53237023163;-0,000623911857414174;54156,6978222033;0,0026342145837812;267,75046516947;-1,58559510697864e-05;4982,82504682603;-0,000776188761736792;881,021240163443;-0,000826679182165028;877803,790590286;0,0382689198799901
2017-09-01;13538,0806878661;0,00218595793896628;176463,141531385;0,00880807168029528;78894,6765264368;-0,00741070543135057;550104,185499184;0,0316629668371866;0;-2,67568909027909e-06;2056,50156454762;0,000305183229851162;53594,3830066059;0,00190001932228657;267,323018908293;-9,31738515981835e-06;4869,49399588136;-0,000764775482069484;765,364659944907;-0,00091786398835034;880554,259714905;0,0357595036115288
2017-10-01;13498,0148527529;0,00218187106039074;176872,596261204;0,0106045808845836;78032,2226888604;-0,0081987550198767;549780,109705506;0,037493317399973;0;-1,34469149415395e-06;2026,91139564661;0,000351952244547076;53756,7830473752;0,001899950974201;263,995544174136;-9,79788296833124e-06;4812,6719078105;-0,00058574871126773;716,874929577465;-0,000907761485440921;879761,284916773;0,0428282294036457
2017-11-01;13499,9730332671;0,00205007357144171;177631,050201025;0,011172851972535;77299,9027052536;-0,00881647589804983;550887,239985536;0,0347876589129159;0;-1,33665000755207e-06;1991,51038219215;0,000355134678460876;53976,7606518595;0,00178647644794935;262,156787036356;-1,13495154976763e-05;4858,71255301414;-0,000567143226218627;669,711455958422;-0,000742618803706718;881078,119254247;0,0400132350351357
2017-12-01;14729,4179653653;0,00319503038021499;178486,855939029;0,00820202168710836;76244,0120025384;-0,00949553564726542;550975,203805177;0,0284873091749107;0;NA;1956,4650175126;0,000374316845659041;54364,2846682369;0,00120464435317423;259,911552214398;-1,29007942786845e-05;4990,9598064461;-0,000584430219338524;658,003929656704;-0,000647555821329825;882665,114686177;0,0307215815864121
2018-01-01;15155,9315880845;0,00378759637240231;178399,311611692;0,00625049206879593;74759,4209871986;-0,0103959696285696;550762,836005695;0,0270004779805198;0;NA;1919,09523355615;0,000405165665310258;54845,6641220755;0,000882606403062554;258,066367589318;-1,12019701853284e-05;4922,94401223351;-0,000383793723907662;638,604909627803;-0,0006238428142708;881661,874837752;0,0269102203398086
2018-02-01;15059,6215505913;0,00367764610591004;178370,840341656;0,00513127797962895;74115,4434954008;-0,0100661582503913;551028,892904074;0,0247272849482721;0;NA;1907,52299605782;0,00047596494411474;54915,9520367937;0,000428797097497036;253,973061760841;-1,22967950912595e-05;4808,04796320631;-0,000463499839846903;615,857424441524;-0,000658280264077561;881076,151773982;0,0232407359260156
2018-03-01;15031,9282662923;0,00362450965000129;179820,10891849;0,00484287817672333;73693,8023510639;-0,0103116253529125;553218,085922904;0,0254064178017133;0;NA;1878,58264575486;0,000481386492748855;55206,3710500005;0,000438080165440439;254,833819771963;-1,04948675996495e-05;4779,76767085105;-0,000229830956698177;600,057413223725;-0,000588055233502747;884483,538058353;0,0236532658759141
2018-04-01;15928,0169251729;0,00428059405061967;179261,365541815;0,00180072803637252;73169,1240044016;-0,0103280766635518;554604,247668204;0,0235184754265867;0;NA;1839,68704150073;0,000474969311532553;54930,9035055544;0,000119457101594801;254,274523160763;-1,06582174469871e-05;4774,71049046322;-9,01563355482984e-05;585,700717878851;-0,000559821979661953;885348,030418151;0,0192055107304974
2018-05-01;16113,4823724479;0,00406968389659785;178345,771916759;0,00139346844928887;72438,1556760858;-0,0101254097662956;555253,848342631;0,0215802059922787;0;NA;1794,47566990319;0,000406331808870119;52891,5750980089;-0,000541585298448494;253,261343038206;-1,72995243547825e-05;4839,02335352059;-7,82525033203745e-06;567,132238256495;-0,000540375809924204;882495,643697219;0,0162159481865194
2018-06-01;16282,7972667045;0,00362506699099532;176469,651905258;-0,00098960152188685;71137,0337459312;-0,0110728627840892;551712,561503114;0,0108751972663403;0;NA;1737,94330810434;0,000359170436874274;52043,1719648882;-0,00188273127278164;249,041076745578;-2,39795219101637e-05;4947,68731440035;-9,83891661851671e-06;550,455598815334;-0,000522502605874531;875132,481375608;0,000361637105875889
2018-07-01;15631,5803746609;0,0029711776487497;173467,60937818;0,00162557505025582;71420,7578475868;-0,0100647366743776;551281,404919079;0,00668234483896443;0;NA;1692,80864276809;0,000383867498023216;51924,1618933396;-0,00239804750490148;248,221783363729;-2,29726642062401e-05;4921,82248558123;-9,32383426845003e-06;542,252737047802;-0,000418392278710352;871130,620061607;-0,00124923174287805
2018-08-01;15526,2217297926;0,00251742172109259;178465,713696663;0,00394824822528545;71134,2149603683;-0,00937430505600614;553372,626696806;0,00552859809291735;0;NA;1690,06671531634;0,000425532845823699;52391,0018866581;-0,00201149272134926;251,644003037638;-1,83485903165227e-05;4956,10731406332;-3,04370214040072e-05;532,07778608382;-0,000397518736897882;878320,741076938;0,000588913481797348
2018-09-01;15650,4998199113;0,00239896532069379;180637,62746441;0,00474074809924527;72787,3462603551;-0,0069357795941605;554008,379880846;0,00443379194250442;0;NA;1669,25930409008;-0,000439771037599563;52548,2404449667;-0,00118805008333945;252,564344801932;-1,67606640289718e-05;4859,21065062204;-1,1678264168124e-05;536,96453138562;-0,000259382231179298;882949,031506663;0,00271961865533865
2018-10-01;15786,4055712631;0,00260114960472118;181275,85614526;0,00500506212258771;72256,3739176948;-0,00656524544804446;554508,192160966;0,00537427883736368;0;NA;1636,427908043;-0,000443851638277698;53095,6941448246;-0,000751441230575485;252,489522286816;-1,30785726589551e-05;4864,91318046355;5,9381190726061e-05;546,180263691564;-0,000194023843527109;884223,589256009;0,00507217630025369
2018-11-01;16115,0013646261;0,00296798691763266;183451,85432076;0,00660645633177434;71964,8829170406;-0,00605510416344089;559037,676100586;0,00925052607361118;0;NA;1600,70175163019;-0,000443557298747523;53875,4709923679;-0,000114961042929199;254,079643115903;-9,16734140133876e-06;4958,7877014787;0,000113582605534756;551,564558597439;-0,000134093555133322;891810,019350202;0,0121804183550018
2018-12-01;16986,2096396313;0,00255679264617635;184743,660856251;0,00708853767200921;71175,2733496582;-0,00574253878231311;561976,20367956;0,0124633903519506;0;NA;1577,16253546145;-0,000429724111376049;54554,8131988135;0,000215855965537197;255,813226261173;-4,643126691013e-06;5159,60478256522;0,00019106337535395;560,252107100916;-0,000110746217256522;896988,993375302;0,0162279877733906
2019-01-01;18833,9765249867;0,00417171825375688;182284,105459719;0,00440621734805345;70212,7778765783;-0,00515690112091667;560916,156855771;0,0115161164839351;0;NA;1548,95073804019;-0,000419825906143529;54882,3804019207;4,16444000733925e-05;254,997332384848;-3,48096622079117e-06;5167,38395874089;0,000277249083218395;554,250400142273;-9,56767122328537e-05;894654,979548284;0,0147370608635231
2019-02-01;20763,6088641021;0,00647388685078603;179932,041543668;0,00177192538791178;69329,889344669;-0,0054314875520083;562813,408676514;0,0133751387422229;0;NA;1520,28647014067;-0,000439504037349638;55620,0319910954;0,000799113621318799;254,954873874523;1,11433286635295e-06;5156,80331314106;0,000395828838667989;546,631643163071;-7,85695778271518e-05;895938,70591738;0,0168686374196754
2019-03-01;22824,0790868899;0,00880983137086213;177134,723378407;-0,00303610573236745;68438,9128763662;-0,00594119534008899;562135,500785133;0,0100820586008923;0;NA;1494,39035861145;-0,000434369064671121;55093,5383498118;-0,000127569022297955;254,09843031442;-8,3143374172611e-07;5104,87912049708;0,000367572075292348;527,983213809061;-8,14873271388219e-05;893008,105599839;0,00963790412674048
2019-04-01;25638,6100964475;0,0109681084021706;172904,259906894;-0,00718034650386971;67147,0642291693;-0,00680191243254706;562242,50069138;0,00862740161015366;0;NA;1470,38878582211;-0,000417122129366691;54661,1853704067;-0,000304646450752642;256,80029498865;2,85285756686444e-06;5181,56724243227;0,000459544425458201;526,026410702557;-6,74020894902879e-05;890029,438513303;0,00528764726899644
2019-05-01;29443,0140014385;0,01510435969196;169144,019180053;-0,0104269667532359;66395,9562694797;-0,00684671867760419;565246,715991369;0,0113234186707971;0;NA;1445,72841045313;-0,000395182981288133;52632,5804363462;-0,000293479818866473;260,603404459362;8,31965740974847e-06;5337,19908894749;0,000564507869228444;528,445792375929;-4,38375488387561e-05;890433,228434428;0,00899447469672987
2019-06-01;32225,7744132927;0,0182177870046918;167000,136212739;-0,01082066532102;65929,1882181015;-0,00595092244735744;570126,840382259;0,021041704280247;0;NA;1411,46100029343;-0,000373066152564373;51912,8117646382;-0,000148960532290052;265,747602253048;1,90902816008026e-05;5523,82759235713;0,000658346353515697;514,950606700458;-4,05709911019024e-05;894910,737792634;0,0226002997693984
2019-07-01;32747,7666351466;0,019648243175375;163055,598964814;-0,0119522952971507;65119,8576618723;-0,007233014246783;573020,895336684;0,0249554887831493;0;NA;1366,46842183845;-0,000374616863894141;51551,1564972876;-0,000428185380540996;274,532175384462;3,02025797450134e-05;5704,28320808242;0,00089821285635196;529,454909670034;-1,4691054456176e-05;893370,01381078;0,0255293445517963
2019-08-01;33550,9484830581;0,020521804746595;166519,674928728;-0,0136009981425332;64423,5118825682;-0,0076403786953407;575194,021573902;0,0248444490225072;0;NA;1352,59477660313;-0,000384224034490439;51865,6178476576;-0,00059816877187293;283,508813693491;3,62792419279344e-05;5827,91026839747;0,000992579263544674;585,574567919647;6,0908025205272e-05;899602,332201387;0,0242298628839792
2019-09-01;34167,7032483779;0,0209719958544706;169156,379020781;-0,0130032969446014;64625,6287013374;-0,00924370180812193;580070,220779519;0,0295168123738701;0;NA;1336,6338679072;-0,000376720993300467;52437,0954830293;-0,000125879250071438;290,841628664994;4,3351634689202e-05;5869,43159124992;0,0011441441177007;628,094155521209;0,000103210514858469;908584,091182974;0,029033453530797
2019-10-01;34465,3194491952;0,0211246500374963;170682,202464328;-0,0119807408552008;64958,7454878303;-0,00825314831965163;584764,711966398;0,0342181775888725;0;NA;1318,81285746225;-0,000359202190984288;53335,6768588993;0,000271405012250993;298,793538018792;5,23668631945643e-05;6067,56946687126;0,00136012689665929;656,31546109645;0,000124555823598366;916549,177872645;0,0365581613173593
2019-11-01;35300,147345126;0,0215125930010056;170989,829764096;-0,0139738557386295;62573,8063143566;-0,0105303555677997;587066,380642843;0,0314290083471813;0;NA;1276,24240459641;-0,000363821150238019;54118,828520693;0,000272880460013632;302,402818759791;5,4185504306285e-05;6210,02127473497;0,00140302704175487;631,45808934248;8,95858187411407e-05;918467,066985946;0,0298909488089929
2019-12-01;36206,1295051924;0,0214271524037747;170954,021380574;-0,0153732538275492;61468,1288943189;-0,0108219214806773;585359,452046426;0,0260686012198176;0;NA;1185,72388515577;-0,000436391809929259;54234,1997556506;-0,000357432973571354;299,97800855223;4,92367048171552e-05;6473,8497251069;0,00146517399014705;632,386072083079;8,041789310115e-05;916814,882712279;0,0221027119434019
2020-01-01;36763,3568542715;0,0200405527707871;171766,954910699;-0,0117555379329917;60778,0650370821;-0,0105456439132099;586913,157376459;0,0290581297986112;0;NA;1154,92279730353;-0,000440424465010642;54697,0223223832;-0,000207183868390375;304,406096312052;5,52266125564414e-05;6468,37671764746;0,00145418377882773;619,936667904611;7,3420781489981e-05;919465,187464128;0,027731593164966
2020-02-01;37482,7378268394;0,0186610187195988;171673,481406988;-0,00921777358443655;59808,3506712194;-0,0106274442777871;589114,322138547;0,0293557062423174;0;NA;1136,91047289396;-0,000427904269248151;54844,0769914402;-0,000866080452301382;310,708452219468;6,2229232844514e-05;6470,40263810281;0,0014661709738466;610,320174002526;7,1085812476694e-05;921450,301978577;0,0284747113755681
2020-03-01;39063,4202363658;0,0181849874011701;170949,59166045;-0,00692617645816582;59727,2134752051;-0,00975545389401521;593327,485374377;0,0349291169852174;0;NA;1136,11547371314;-0,000401200036877211;54932,7456908398;-0,00018005733426565;317,547803211748;7,10512844166272e-05;6407,40900702815;0,00145858685756963;614,93384114021;9,73682397571781e-05;926475,454474067;0,0374770941768183
2020-04-01;40381,1678647989;0,0165641237586223;169484,007653918;-0,0038428529495493;59949,3440436917;-0,00808705855561435;601193,306291742;0,0437635025482135;0;NA;1131,55853155811;-0,000380695558598575;54462,4480720792;-0,000223292949342641;315,50157448269;6,59543122439796e-05;6610,36471920944;0,00160533732363259;604,711351091823;8,84071211405101e-05;934132,410102571;0,0495522616228707
2020-05-01;43108,4199824913;0,0153469182693008;167884,091101635;-0,00141496076087916;60127,2522662449;-0,00704006072892912;609907,80873175;0,0501565881800086;0;NA;1123,69362627432;-0,000361660789259867;52412,6438112451;-0,000246999570633497;317,72005873881;6,41447920579862e-05;6532,04018525317;0,00134186490143282;596,867075202621;7,68404419801258e-05;942011,551918895;0,0579249761098346
2020-06-01;44096,1493467231;0,0132643116594059;166581,065814033;-0,000468281786114148;59748,5915770656;-0,00690638337436954;615499,386156313;0,050700638463641;0;NA;1099,51825757775;-0,000348574142137468;51598,3871815768;-0,000351347424701746;323,983280317569;6,50742868592277e-05;6654,81906727306;0,0012638036701913;581,145009069639;7,39676032186787e-05;946183,04568995;0,0572932089559934
2020-07-01;43136,9860963247;0,0116292457778627;167546,233041389;0,00502662279587855;58998,6051887596;-0,00685186695152413;621024,303787166;0,0537329524255206;0;NA;1069,34530547484;-0,000332586847297678;51206,5078873561;-0,000385784842342516;329,882938575729;6,19572655625205e-05;6536,12097563349;0,000931123447946012;562,919509863171;3,74588352819112e-05;950409,895914217;0,0638479926812476
2020-08-01;46058,921671837;0,0139038914652112;170012,229536011;0,0038823316506277;58940,8470618539;-0,00609454269343414;627638,603414678;0,058297516539825;0;NA;1061,7524442553;-0,000323300998604703;51957,4345398752;0,000102063644046972;331,105738540278;5,29088499918786e-05;6477,19311016788;0,000721744284701404;517,289816442867;-7,5905485159963e-05;962996,383734083;0,0704689719707225
2020-09-01;45898;0,012910524040047;172253;0,00340818313821362;58521;-0,0067188373212536;631085;0,0561475593899736;0;NA;1034;-0,000333082948341277;52761;0,000356493713805806;331;4,41988493136836e-05;6149;0,000307696790493084;533;-0,000104661920062233;968566;0,0660169041028769
