"Data";"Contribuição para a variação total - Pessoas jurídicas - Desconto de duplicatas e recebíveis - 20544";"Contribuição para a variação total - Pessoas jurídicas - Desconto de cheques- 20545";"Contribuição para a variação total - Pessoas jurídicas - Antecipação de faturas de cartão de crédito - 20546";"Contribuição para a variação total - Pessoas jurídicas - Capital de giro com prazo de até 365 dias - 20547";"Contribuição para a variação total - Pessoas jurídicas - Capital de giro com prazo superior a 365 dias - 20548";"Contribuição para a variação total - Pessoas jurídicas - Capital de giro rotativo - 20549";"Contribuição para a variação total - Pessoas jurídicas - Conta garantida - 20551";"Contribuição para a variação total - Pessoas jurídicas - Cheque especial - 20552";"Contribuição para a variação total - Pessoas jurídicas - Aquisição de veículos - 20553";"Contribuição para a variação total - Pessoas jurídicas - Aquisição de outros bens - 20554";"Contribuição para a variação total - Pessoas jurídicas - Arrendamento mercantil de veículos - 20556";"Contribuição para a variação total - Pessoas jurídicas - Arrendamento mercantil de outros bens - 20557";"Contribuição para a variação total - Pessoas jurídicas - Vendor - 20559";"Contribuição para a variação total - Pessoas jurídicas - Compror - 20560";"Contribuição para a variação total - Pessoas jurídicas - Cartão de crédito rotativo - 20561";"Contribuição para a variação total - Pessoas jurídicas - Cartão de crédito parcelado - 20562";"Contribuição para a variação total - Pessoas jurídicas - Cartão de crédito à vista - 20563";"Contribuição para a variação total - Pessoas jurídicas - Adiantamento sobre contratos de câmbio (ACC) - 20565";"Contribuição para a variação total - Pessoas jurídicas - Financiamento a importações - 20566";"Contribuição para a variação total - Pessoas jurídicas - Financiamento a exportações - 20567";"Contribuição para a variação total - Pessoas jurídicas - Repasse externo - 20568";"Contribuição para a variação total - Pessoas jurídicas - Outros créditos livres - 20569";"Contribuição para a variação total - Pessoas jurídicas - Total - 20543"
2012-03-01;0,00711747268785025;-0,000846184005421353;0,0035453053090003;0,00320847136276728;0,0452215585716186;0,0176157757783829;0,00233443979025766;-0,00102304491802598;0,00939953461600088;0,0038598577419413;-0,00724253519991489;0,000609516474925584;-0,00175905795757439;0,00248897037565758;6,25792192184323e-05;6,03902830483645e-05;0,00165972262942139;0,0191134468878932;0,000602929098849252;0,0188569473472623;0,000270403448866886;0,00331366812476934;0,128472083419648
2012-04-01;0,00499467356048244;-0,00125761600376368;0,00275487582861539;0,0039952832118581;0,0457704207930116;0,0177084000052986;0,00145615251623964;-0,000959044406579354;0,00886458595001547;0,00371851985679706;-0,0071137204599746;0,000510540539273804;-0,00182058018385642;0,00208509224590029;-5,63490912395675e-05;4,84817234099598e-05;0,000485491356514287;0,022329474029499;0,000388641520534885;0,0162033013087975;0,00189052287962491;0,00362187521607304;0,125620901258769
2012-05-01;0,00512551450697746;-0,000815284737632642;0,00250584236397903;0,0050235457666464;0,0468764115481728;0,0175387450512194;0,000355373465253104;-0,00169728821228731;0,00813854178974222;0,00364167422102464;-0,00703448704748753;0,000174621996472503;-0,00186088236628072;0,0016779346543767;-8,25459592185928e-05;4,03345940916845e-05;0,000384065080116493;0,0208881095143353;0,000775481045979607;0,018342800109109;0,00334564671186292;0,00382429500309221;0,127166776301112
2012-06-01;0,00837332795667847;-0,000402520432020982;0,00226036408119584;0,00533858147660182;0,0488284818919542;0,0169317151923691;-0,00149336181508016;-0,0015374165352259;0,00719089347096364;0,00373060949110768;-0,00687616002250154;3,2784411947563e-05;-0,00155566393135038;-0,000142833771191731;-3,9317675951241e-05;3,25007211607034e-05;0,000945067648020402;0,0199534438196128;0,00124143565015192;0,0220891642660457;0,00512135081746784;0,00569058753439645;0,135720044436318
2012-07-01;0,00607009917130697;-0,00116811650251799;0,00184733725064016;0,00707016626252367;0,0454737957578848;0,0164837691860376;-0,00257929196820441;-0,000925144969055279;0,006050496276029;0,00336193615788743;-0,00707818127565349;-0,000923929519447214;-0,00155301912210924;-0,00094261021267867;-0,000658572519681594;2,80374697292385e-05;0,000407907978110845;0,0196488578936877;0,00103760857605343;0,0247422419201428;0,00494107152818432;0,0041119442985194;0,125441071541333
2012-08-01;0,00718581575935439;-0,000436130381472746;0,00189176363117093;0,00786367618342837;0,039320114614267;0,0167945534033469;-0,0026569505161093;-0,00143327619575735;0,00502359627153805;0,00325153169116736;-0,00690791979490423;-0,00120823293714031;-0,00190642519235558;-0,00350697657885034;-5,90798724004223e-05;3,61137547388998e-05;4,74161607998006e-05;0,0197521052066939;0,000528283001676208;0,0237257708465405;0,00401535271303584;0,00809443118129534;0,119417318651594
2012-09-01;0,0102191951348688;-0,000391233299211749;0,0015799636825174;0,00506025218489241;0,0373480579529497;0,0154843003397081;-0,00218057928121761;-0,00110777501909875;0,00395498768479088;0,00302508962355411;-0,00660735333665614;-0,000949969579405767;-0,00150587724040002;-0,00312806125579069;2,1923597121859e-05;4,16134767786023e-05;0,000889736128344547;0,0145806460276876;-0,000923312390519403;0,0225717371803222;0,00193529227806434;0,014670713858839;0,114587695973646
2012-10-01;0,00794936443448068;-0,000451824489223363;0,0015621772110377;0,00782845922342442;0,0384816798647585;0,0130320765944435;-0,0059151097991248;-0,00234561518844964;0,00313046312524506;0,00341960166741331;-0,00658605859984399;-0,00129356502688704;-0,00165455452069666;-0,0031197790178161;-5,47012214999052e-05;4,27562049746776e-05;-0,000195032793021467;0,0143538000889256;-0,000330229843836522;0,0286949022687844;0,00293199498284219;0,0157895301725289;0,115268514474733
2012-11-01;0,00758369481674014;-0,00020279628170817;0,00132115265633178;0,00856094061389092;0,0369895262518381;0,0123321489682387;-0,00547294997499442;-0,00195363498063219;0,00199720556451255;0,00260279799921145;-0,00641552572479419;-0,00145017872313652;-0,00109797334413837;-0,00158842321602206;-4,43790171916538e-05;4,64690042784206e-05;0,000361257180548166;0,00895308983978651;-0,000729207845393408;0,0263229135716207;0,00432634624392281;0,0170532204704219;0,109494083559744
2012-12-01;0,0119499264670097;-0,000548929295235606;0,00130448281998562;0,00910168936766815;0,0336233451729625;0,0123844487193412;-0,00443539320631985;-0,00119088889515942;0,00130523623918489;0,00190174392659027;-0,00626888731962396;-0,00173095711413179;-0,000919726614891163;-0,00299410634546301;-1,61986411789546e-05;4,88185734371746e-05;0,000949758181873315;0,00615417890262041;-0,0014512213843122;0,02008067925665;0,00657721618480735;0,0174390433400017;0,103261045633716
2013-01-01;0,00688071823343566;-0,000426801592334492;0,00129492027554523;0,0103990940143492;0,0325225618549299;0,0122746761017336;-0,00615411384083943;-0,00174462077036785;0,000315679934064309;0,00184002910228338;-0,00643076196649519;-0,00157021834007092;-0,000436917793815627;-0,00309980426417074;-2,16861969503001e-05;4,2650265171225e-05;0,000390768315460998;0,00193616375364148;-0,00086035836023302;0,0179044285098598;0,0102832357643606;0,0170655730132703;0,0924034398850744
2013-02-01;0,0065049025555387;-0,000328827001496213;0,00159856833389056;0,00817125148774851;0,033682533896947;0,00294509728764166;-0,00604064693741917;-0,00129474488250571;-0,000458929521838734;0,00173000639722462;-0,00646631891200419;-0,00144082019199418;0,000128492110902814;-0,00294867039667509;4,73859758854649e-05;3,86430566452618e-05;-0,000176351420342738;0,00246575676265095;-0,0007089726077987;0,0232400236929805;0,0100538065738456;0,0155816901704124;0,0863189828522992
2013-03-01;0,00673688034206458;-0,000715552741730374;0,00144564636061887;0,00264671854696881;0,0313276718741598;0,00241363496177129;-0,00682103791885947;-0,0015502092479113;-0,00128375848259668;0,00141667192478703;-0,00632300552637972;-0,00147664216329715;0,000405095942276363;-0,00299873270324257;7,42627308312328e-05;2,38397655508793e-05;0,000553180599589376;-0,00416527524629983;-0,000880693935330624;0,0255950133125266;0,00838572330231372;0,0203150774083965;0,0751275359249644
2013-04-01;0,00543182626263437;-0,000864305364209837;0,0014637599403077;-0,00198714892012144;0,0315690161539966;0,00173437635895343;-0,00932907655881153;-0,00215649194326537;-0,00172349791480697;0,00129286305892341;-0,00618231307622477;-0,0016915605231778;0,000309837430460035;-0,00159867482947851;2,20979667482825e-05;3,88507826040075e-05;-0,00013243396983134;-0,0110849737700986;-0,00112107643009447;0,0290607952702921;0,00704957826134725;0,0151310060013927;0,0552324541875391
2013-05-01;0,00578729770995105;-0,000989315613660343;0,00141842949464414;-0,00463245884187654;0,0271954119885005;0,00166667763032298;-0,00791977425617352;-0,00106553634932952;-0,00189203089872238;0,00118243804201686;-0,00589625792132047;-0,00170283145689324;0,00024167569885148;-0,00101819801710539;7,33770911342994e-05;3,21341348709214e-05;0,000195746617138136;-0,0108491581460808;-0,0014676878961306;0,0262916848097843;0,00671086012837978;0,0165932709405618;0,0499603454976214
2013-06-01;0,00787948209975534;-0,0011497254459654;0,00131843150816489;-0,00423477050155178;0,018106398196492;0,0018206552629041;-0,00797142591893708;-0,00131791744027145;-0,00217713607681632;0,000812007781979593;-0,00559622204917793;-0,00174391540205585;0,000546869422330845;0,00129606735596523;6,23165873366256e-05;3,81488326586691e-05;0,000463962912777664;-0,00941640411317687;-0,00119387135449923;0,0221078006793807;0,00690911863060423;0,0126881317887498;0,0392420008892818
2013-07-01;0,00584129286934112;-0,00115930034207075;0,00102987447221928;-0,00706408825619208;0,0215185045489312;0,00118118747666674;-0,00876347761084066;-0,00129158158475589;-0,00216263333155206;0,000732647606708284;-0,005427943940127;-0,00186306157693555;0,000225489709965013;0,00134741114437639;8,68499771647141e-05;4,02731106661053e-05;0,000425861201009876;-0,0113986280253612;-0,000638740183994158;0,0215908441881205;0,00776283149193823;0,0117930569773912;0,0338067599884673
2013-08-01;0,00633528638587754;-0,00135285378932084;0,000975488668362007;-0,00803698242992719;0,019213067608069;0,000685197493315183;-0,00679726804761161;-0,000171771715521465;-0,00259040521136182;0,00107594661366017;-0,00506434656488445;-0,00148140892953795;0,000628724967845158;0,00395989860959797;0,000149005446092921;0,000314232168740212;-2,02390181529395e-05;-0,0130063522038009;-0,000378783486976608;0,0202819637769726;0,00923337510363034;0,00904593292335582;0,0329991371204386
2013-09-01;0,00699627128041465;-0,00161599135130256;0,000816626142481434;-0,00761094615305177;0,0173340525266011;0,00073848517781957;-0,00662071352499432;3,72003776504627e-05;-0,0027104918594779;0,000968643804438234;-0,00476919679594595;-0,00215807661183917;0,000780223916826881;0,00465346360711535;0,000143002897152253;0,00123322507535435;-0,000677085072160185;-0,0126726635825718;-0,000545086497375908;0,0194071110797094;0,0114276113043866;0,00192345953260255;0,0270778073484077
2013-10-01;0,00666078595452134;-0,00125312116648846;0,000916451172537351;-0,00886240344973503;0,0134826854047463;0,00155213645658881;-0,00561817651350613;-0,000181030426084028;-0,00274407409303692;0,000717751800827884;-0,00456629124797415;-0,00204639821569423;0,00103747197876412;0,00516268374112639;0,000223207800576852;0,000486681965442843;0,000574608362783408;-0,0147766533915129;-0,000564590113680126;0,0151710693600783;0,0108503636146975;-8,65300299249236e-05;0,0161337657580267
2013-11-01;0,0100493489365617;-0,00110511847774093;0,000726642927992086;-0,00738053568428654;0,0115870663666081;0,000668306253161197;-0,00434401726113662;0,000103209536172914;-0,00283848206333281;0,00106939286670624;-0,0043173398828936;-0,00138501251294396;0,00114182688436486;0,00457422661913815;0,000259797292170411;0,000910769970370569;-9,6260932384863e-05;-0,0118704651972144;-0,000103848878552979;0,0147421859458307;0,0120401858917762;-0,00312555105001415;0,0213105237866531
2013-12-01;0,0092934957636901;-0,00152530165717076;0,000570174520010878;-0,00834210256460633;0,0091703802286769;-0,000551982954174278;-0,00490868253145135;0,000199697109712089;-0,00324142801904755;0,000761129060069403;-0,00405123712703885;-0,00163123891014499;0,00144541911800627;0,00489563888765518;0,000252446459209386;0,00185405024621552;-0,00109530962121306;-0,00820482073047225;0,00028444599401878;0,0175534639451866;0,012236844806032;-0,00563066077473711;0,0193385074542565
2014-01-01;0,00558510477150145;-0,00140914821522228;0,000531448885278467;-0,0116693709650098;0,0097661373693846;-0,00107078046326685;-0,00411746965246696;0,000279038268278809;-0,0033309447152297;0,000628447525165207;-0,00390139947611446;-0,00145501253439561;0,00105799334532629;0,003201891817583;0,000300757154672311;0,000630281169019555;0,000105002118402505;-0,00544058555104108;0,000918167850413091;0,0193509834480298;0,0113406231715418;-0,00418670591941022;0,0171143828245108
2014-02-01;0,00765186702594954;-0,00117766452834029;0,000319828837422298;-0,00983163591222367;0,00851946250470537;-0,00182693851081054;-0,00429366419571295;-3,52388206931111e-05;-0,00327229180010438;0,000583309760638122;-0,00365065390934976;-0,00163931424484024;0,00108369033105346;0,00440907937402979;0,000301957314616752;0,000397540292735623;0,000622992424322354;-0,00417921635991252;0,00057792511956666;0,0157622466010136;0,0102105390116993;-0,00491030918734846;0,0156249520630647
2014-03-01;0,00599219108818852;-0,00185091980385398;-0,000417792001031135;-0,00935806846019013;0,00197895448613129;-0,00295105580544534;-0,00246464578444282;-0,000689285825289973;-0,00339058536562886;0,000134626331723554;-0,00343907761202077;-0,00187155091916997;0,000800670011898638;0,00516037978445977;0,000331999858191555;0,00162683786710032;-0,00103529041997061;-0,00223632534668319;0,000442066451529148;0,0117078437091755;0,0115390304510969;-0,0117803996899355;-0,00177586443427968
2014-04-01;0,00519634169243403;-0,00174963677886417;0,000700330918050832;-0,00604668970867171;0,00298294597318786;-0,00367779416564564;-0,00227379878750011;-0,000381376528645732;-0,00370728281746476;0,000410329857944217;-0,00326701077906832;-0,00139144846083323;0,000792492838023551;0,00354035555143564;0,000442602534010322;0,000919117417327414;0,000266959915722652;-9,80496754722366e-06;0,000752822139977114;0,00680858319913409;0,012216181686251;-0,0120031999890534;0,000521020740204436
2014-05-01;0,00578940724439603;-0,00172475573731344;3,58383691178615e-05;-0,00565175002213512;0,00452478891082481;-0,00499760265147923;-0,00263816223491274;-0,000687156298158312;-0,00375935484074321;0,000788935806901585;-0,00309362272149227;-0,00133044271900023;0,000426560280042673;0,00268515856597624;0,000410821556450705;0,000533390642493519;-0,000258897016747664;-0,000897612504071588;0,000163087585774186;0,00822369743558096;0,0106262460211756;-0,0139380245395578;-0,00476953257602952
2014-06-01;0,0035345265059274;-0,00207093329981341;0,00042692403980277;-0,00856499575555635;0,00457983463544379;-0,00626416997654274;-0,00135761172151658;6,37054872958262e-05;-0,00386862043036561;0,000871575371138196;-0,00293133564188059;-0,00110843238457373;-0,000116820178015381;0,000768477208548796;0,000535482934703688;0,00172895435532176;-0,00169816546755509;0,00262167897799362;-0,00052292205007969;0,0108394004324475;0,00843074552882526;-0,0158529717696881;-0,00995429842927176
2014-07-01;0,00278994841149666;-0,00174682424105574;-0,000115576568956461;-0,00606271563695368;0,0036756989079783;-0,00582325291772769;-0,00196340111639655;-0,000857404597122051;-0,0041645304072183;0,00126342435948289;-0,00271071166460569;-0,00111756604964779;-1,22255828294914e-05;-0,000564139259314474;0,000474518841769379;0,00123733344873287;-0,000216512598105343;0,00431883463699841;-0,000590171785347642;0,00693809434608556;0,00977466508077593;-0,0156475277338754;-0,0111212618105074
2014-08-01;0,00236314472883914;-0,0016095037770232;-0,000385974848795288;-0,00650750778634166;0,00567917550113009;-0,00633575695811713;-0,001002432685317;-0,00119245114190409;-0,00391588273309638;0,000660210589627633;-0,00258004915300597;-0,0011300427484034;-0,000314545483978802;-0,000899531074677767;0,000450504824783461;0,00109422604267586;0,000326910223058261;0,00353081383353265;-0,00110283542165686;0,00703157301703703;0,00802558760402751;-0,0134117827767707;-0,0112262347977143
2014-09-01;0,0013046705349622;-0,00152981801729785;-0,000350101185794738;-0,00827076021351375;0,00411382844365346;-0,00712592662064606;-0,00211872172405136;-0,00213731541927173;-0,00392843675111956;0,000622265171525237;-0,00246793700759618;-0,00083242000563386;-0,000536807169862518;-0,00174220490434014;0,00037902626820425;0,000107166896108483;0,000310510138772984;0,0011652674212268;-0,000200875321373039;0,00717640412942613;0,00858378772373271;-0,0114427025486351;-0,0189183740919842
2014-10-01;0,00136498567428786;-0,00155047486914839;-0,00183553200674314;-0,010694189154463;0,00623216373070124;-0,00670628683932934;-0,00209999447815134;-0,00213776639989326;-0,00351272304262938;0,000814051380171987;-0,00231295158442875;-0,00114512816984279;-0,000494210441819373;-0,00193823281781798;0,000438122241493817;-1,09846097998171e-05;0,000442383100914572;0,00623886886680244;-0,000160581549275371;0,00622645027451915;0,00828558487593713;-0,0111740216207166;-0,0157290985213326
2014-11-01;-0,000422183830651614;-0,00162068598226706;-0,00177591927451054;-0,0130513708088342;0,00603448477129898;-0,00550053772095249;-0,00206486367252985;-0,00179485728694252;-0,00358437117083188;0,000300991991267926;-0,00208621648107796;-0,00174244630838455;-0,000817093596816187;-0,00198618599782357;0,00048261654814699;-0,000403922582740455;0,000353402205990854;0,00895334063683558;-0,000388502941288252;0,00271673003275691;0,00712326519080125;-0,00628099414995943;-0,017556746788725
2014-12-01;0,00196289613740934;-0,00154887176499915;-0,000637577016174772;-0,0139285564338666;0,00416369327850939;-0,00405898661327241;-0,00213483189526334;-0,00217864336532546;-0,00319368429973077;3,66134759670204e-05;-0,00189940444655418;-0,00189397601547625;-0,000686706597008601;-0,0020648907125622;0,000457563913359151;-0,000679910134743409;0,000360462009412102;0,00903820150583739;-0,000160223559082425;-0,000664729125858712;0,00469801747607614;-0,00706058703088117;-0,022075520532242
2015-01-01;0,00174762978434188;-0,00163269397462143;-0,00190747749282087;-0,0102244304757451;0,000452939683155031;-0,00363436198877229;-0,00272131005719898;-0,00171640958543239;-0,00328219281755552;-2,784865063162e-05;-0,00162326922488227;-0,00205245947382096;-0,000610984049431975;-0,00203219364758182;0,000520728041324695;-0,00017323893930133;0,000225659621778224;0,013041392297404;-0,000605474468866974;-0,0010601555001234;0,00359762683048468;-0,00280918485819119;-0,0165277987562694
2015-02-01;-0,000464163035126699;-0,00197939421085369;-0,0020934859187361;-0,0105242704367148;-0,00429157870837406;-0,00295088077740054;-0,00302408248534793;-0,00167735965843688;-0,00355177185337335;-0,00043939577753716;-0,00170104060443567;-0,00196091973709018;-0,00121920297723401;-0,00268446671112775;0,000560957464455062;0,000335167285047337;-0,000109399113389923;0,0099159307763377;0,000618428116381391;-0,00113713032591594;0,00762174951566097;-0,00115587508841345;-0,0219134307780218
2015-03-01;-0,000477739444327169;-0,00182721493504801;-0,00173900895344679;-0,00981840715585333;-0,00857238106397861;-0,00247158250046333;-0,00577293426607916;-0,000855335103189816;-0,00375279282699916;-0,000852003238123724;-0,00155779022171026;-0,00204437050856385;-0,00139050820992247;-0,00418617856590796;0,000411066651232072;-0,000148898937188982;9,18444713854183e-05;0,00773107808181733;0,00121349927774029;-0,00148901301416325;0,0111406979525541;0,00375599570269556;-0,0226093199605808
2015-04-01;-0,000481187880756565;-0,00191333557521378;-0,00329066441909449;-0,01042701191151;-0,0126839519354312;-0,00222638563622836;-0,00356243747409688;-0,000541957663123863;-0,00361493483250947;-0,00100046889548066;-0,00153685079169373;-0,0023627216712709;-0,00136918058577325;-0,00393099356339756;0,000386288015430456;-0,000301802465448273;-4,31505544087533e-05;0,0115654607770631;0,000377192091493575;-0,00314414252372355;0,00730680630341281;0,00642834607669131;-0,0263670851150699
2015-05-01;-0,000826158379122467;-0,00197947638045815;-0,00323670160405293;-0,00925747159829675;-0,0177709171585529;-0,00237626402282818;-0,0042157527437485;-0,000362935814616373;-0,00382573029617007;-0,00111265473196504;-0,00152594999200096;-0,00247651976667421;-0,00112793256663797;-0,00431396100889786;0,000481271290525125;-1,4420247611503e-05;-0,000190364428234533;0,011575441528586;0,000865725330321095;-0,00616485748575698;0,00948249401142115;0,008978038144543;-0,0293964173276569
2015-06-01;0,00170354184737627;-0,0020938631466507;-0,00443372240628271;-0,00660299354205941;-0,0212624365450007;-0,00296155302741382;-0,0055349110632362;-0,000801003589964841;-0,00400588212362015;-0,00121422611630917;-0,0015923292112443;-0,00283347328085479;-0,00124688172804717;-0,00331346868745511;0,000260585958776176;-0,000668816088162219;0,000328086327171526;0,00897429621243341;0,000619853155107182;-0,00599556277450701;0,00798842110607059;0,0116192950969758;-0,0330646494610537
2015-07-01;2,00932826202537e-05;-0,00218170546958359;-0,00292662139257062;-0,00911504086668423;-0,0255047832246543;-0,00376475569576213;-0,0053626380881617;-0,000547641059068902;-0,00408041805647561;-0,00187509545853163;-0,00174254117404965;-0,00273408251189623;-0,00113967556417162;-0,00188180656292751;0,000326661149189132;-0,00038714345542363;-3,95002817528528e-05;0,00923542770797638;0,000697997759014125;-0,0025247900038494;0,00898818935489946;0,0133318956464807;-0,0332029274372799
2015-08-01;0,000132179948006583;-0,00259261523080938;-0,00183761756587794;-0,00879509492867533;-0,0303909245021104;-0,00395030264791861;-0,00702365094846854;-0,00015657140836987;-0,00422313781850685;-0,00196973042453604;-0,00168684897373563;-0,00319206591951521;-0,00112688027143728;-0,00149923424066576;0,000391832691572539;-0,000823838128494064;-9,94385391737888e-05;0,0090851773975486;0,00114124024719928;0,00029287242799822;0,0129981360384275;0,0131654105651172;-0,0321624155128416
2015-09-01;0,00202625668927524;-0,00244233071725104;-5,83475795047427e-05;-0,0091749962743264;-0,0309753466748047;-0,00396763334540318;-0,00808865375401288;2,98088983659684e-05;-0,00428525064723646;-0,00236709469040463;-0,00166545673111033;-0,00348018198669895;-0,00165340129437242;-0,00182481115634136;0,000369559734787383;-0,00018687295132085;-0,000138900158654417;0,013457033841173;0,000596445922565612;-0,000887602319202928;0,0138697652486643;0,0117889600999482;-0,029057861171948
2015-10-01;0,00103355538942022;-0,00277142479262258;0,0014325097287968;-0,00951412520740511;-0,0363274706091243;-0,00434660804681437;-0,00763738449960218;0,000615605538592979;-0,00488758848877445;-0,00287936364439238;-0,00177898608250815;-0,00338585294036914;-0,00226782029079669;-0,00301422967003529;0,000429684311544896;0,000486850670759003;-0,000433551079158648;0,0103319037338087;-0,000116565736300101;-0,000279310435006396;0,0125071493148802;0,0130772683589402;-0,039726941462411
2015-11-01;0,000953774981084673;-0,0031704882195584;0,00115154037373364;-0,011627006956506;-0,040413986160188;-0,00601295939693549;-0,00872491140745993;-0,000150504180140108;-0,00483191343029988;-0,00290291747946487;-0,0018555099509599;-0,00354607851962564;-0,00262753859651307;-0,00432667564789612;0,000420223546785379;4,47063132244381e-05;-0,000251989000465754;0,00919691549773658;-0,000730889736577525;0,00237166202183206;0,0113941417397767;0,0127430625182934;-0,0528986252570021
2015-12-01;0,0012306584734848;-0,00292846977663767;0,00114027515841798;-0,0138349233876077;-0,0402874360835162;-0,00797288661121502;-0,0100672367337809;-0,000844600051551835;-0,00489725777598591;-0,00288130640304959;-0,00188561211755615;-0,0031309744105293;-0,00294399259881156;-0,00429605546883332;0,000293180948998651;0,000393757331370828;-0,000344220201177214;0,0103629145312407;-0,00105326352992091;0,00447921484107373;0,0134686522750421;0,0169619573340887;-0,0490388835579716
2016-01-01;-0,00011102406352017;-0,00286764108023272;0,00277332905810842;-0,0173584079741327;-0,0437588653932851;-0,00888997387160346;-0,0100689257637822;-0,00163323372893083;-0,00496034594293549;-0,00292808568049969;-0,0021619263713774;-0,00372054756981398;-0,00269484415655594;-0,00383067463348384;0,000256780104640868;0,00022437143045956;-0,000380687231332128;0,00859716018430697;-0,000903546797836462;0,00418289248557169;0,0156401927085357;0,0150367063614476;-0,0595585773105092
2016-02-01;-0,00294220288703919;-0,00316293455025796;0,00241390311751113;-0,018251723458244;-0,0444986994391263;-0,00956219576319979;-0,010839848753396;-0,00245094449809848;-0,00485986698680455;-0,00274746105856927;-0,00203844444405485;-0,00389531992858828;-0,00241583200742475;-0,00439447871009581;0,000349544147584842;-0,000148750411119184;-7,93991626457962e-05;0,00854036466455928;-0,00206558026173597;0,00286167881573306;0,0122690932230557;0,0167571044208026;-0,0711618743363258
2016-03-01;-0,00538861097383034;-0,00292478554156416;0,00357218165156088;-0,0175012929654873;-0,0405066420092423;-0,0106130385972615;-0,011069686660901;-0,00281931911828476;-0,00457936927393692;-0,00244135966697037;-0,00201043635752006;-0,00368186075443231;-0,0024177690559932;-0,0045916078365909;0,000422301229989448;-0,000812963562912767;-0,000315825847214868;0,0108097070128907;-0,00357254679527581;-0,000336105106516658;0,00152858951740339;0,012757375453689;-0,0864942143772095
2016-04-01;-0,00359008240979893;-0,0028966598260919;0,00373455933099154;-0,019573653709151;-0,0425032377740546;-0,011416312149818;-0,0131217764613649;-0,00389610302273004;-0,00459650240905356;-0,00235619977967201;-0,00196543501215548;-0,00383431446501476;-0,00227518119665251;-0,00453872852150399;0,000308991172516712;2,71235059684743e-05;-0,000305032837393692;0,00523259207721028;-0,00307336558997442;-0,000355052468815701;0,00355967816148689;0,0119132661334346;-0,095521427251637
2016-05-01;-0,00515317861060024;-0,00334850870394068;0,00468374142667502;-0,0209232686959223;-0,0463889523671272;-0,0120910343575562;-0,0127702904958708;-0,00415838642268678;-0,00462553010450896;-0,00256909212499563;-0,0019486726086283;-0,00400129164878197;-0,00214070749245925;-0,00446831559086536;0,000213675428515716;0,000146950195714912;-0,000259474151035265;0,00679487014522378;-0,00345258319273544;-0,000398719453340991;0,00338853968405172;0,0103988187271297;-0,103072556747981
2016-06-01;-0,00663616447113052;-0,00303805399373362;0,00604529300398902;-0,0204636495606099;-0,0452072579980656;-0,0124746833352034;-0,0137913721549254;-0,00509744246949752;-0,00436206426359761;-0,00252034900182159;-0,00182605266520795;-0,00369949006449535;-0,00192090868606059;-0,00533317983231396;0,00025477860447676;-0,000468931733604584;-0,000136532974212735;0,000170137820167693;-0,00353740203274853;-0,00497990278728056;-0,00054096858271238;0,0086699035812286;-0,120899044485274
2016-07-01;-0,00166116096667239;-0,00306701830077717;0,0030301161018421;-0,0192329295521526;-0,0483444424400256;-0,0129598527534935;-0,0129372087755341;-0,00476010360736476;-0,00412692644770656;-0,00239312994665263;-0,00176439918117387;-0,00380493261468079;-0,0019144813951878;-0,00499396672633285;0,000260451044307531;-0,000378632689009394;-0,000322385964789674;-0,00296360083622703;-0,0040816463616242;-0,00767118248916778;-0,00393851904157569;0,00655577043814296;-0,131472673383018
2016-08-01;-0,00274652083917093;-0,00325240981543977;0,00306886429061702;-0,0192887395827207;-0,0498161932050917;-0,0132767977292684;-0,0141387856827985;-0,00559395993734716;-0,00403059033782928;-0,00234426148591729;-0,00181908941845674;-0,00383648205428741;-0,00175657577510078;-0,00484336874736159;8,46651273410326e-05;-5,23849742661823e-05;-0,00018393434218311;-0,00427647932370668;-0,00424217879394953;-0,0112600093522908;-0,00772961252272596;0,00366238307526975;-0,147669050784106
2016-09-01;-0,00362472022843459;-0,00324427883380544;0,00199191695243909;-0,01979870861472;-0,0466556634552674;-0,0135480126514709;-0,0124091347373464;-0,00526737559452419;-0,00379609474799522;-0,00207208321432777;-0,00176061148625727;-0,0036259236742384;-0,00189160972480585;-0,004510151970247;0,000112978215680917;-0,000503827325452437;-0,000117907339083232;-0,00904298599812427;-0,00441571273854767;-0,0115610624522282;-0,0123816540635985;0,00411084218437997;-0,154010748567744
2016-10-01;-0,00240752625270258;-0,00320629608364401;0,00128759519607867;-0,016748293956163;-0,044774698143789;-0,0144092734116134;-0,0121481704179621;-0,0053175239967681;-0,00374205731229971;-0,00179142402607152;-0,00162419554335554;-0,00290978710542501;-0,00202338001116155;-0,00372635953991618;6,63609479190854e-05;-0,000550871115542732;-9,11724279166865e-05;-0,00847589643995105;-0,00383438482237118;-0,0139082535927006;-0,0111992963922393;0,00300242847726571;-0,148528948137204
2016-11-01;-0,002346247702308;-0,00309265588705278;0,00195133522322796;-0,0135977479800062;-0,0422331749228561;-0,0151313357285799;-0,0124838981330107;-0,00568320676980135;-0,0034686862933178;-0,00165506305399651;-0,0014957166372577;-0,00266628425018712;-0,00173431487290508;-0,00315144129812421;-3,87878904888851e-05;-6,60472158265416e-05;-2,05661414812433e-05;-0,0110880433198807;-0,00351104928068872;-0,0155387639375026;-0,0105934875057513;-0,00171412463785997;-0,14935816160792
2016-12-01;3,90952549865258e-05;-0,00283363983948812;0,00160304132073981;-0,00845635207743686;-0,044914708032055;-0,0153471614747829;-0,011101953427039;-0,00520930596934386;-0,00303123016967429;-0,00124095347044409;-0,00145715132924064;-0,00253304936539656;-0,0014892767546806;-0,00255804722480406;3,41594361352791e-05;-0,000963312548888134;5,90481550331911e-05;-0,014754031356051;-0,00345193645037563;-0,016947297822966;-0,0152161725038785;-0,00487558005470872;-0,154646941451848
2017-01-01;0,000320256439683321;-0,00295534355851175;0,001377310042102;-0,00567861437133902;-0,0416463952465555;-0,015849422398788;-0,0105030612479656;-0,00543169855316857;-0,00290287094635193;-0,00100513940648173;-0,00144029530241329;-0,00262392027857266;-0,00113184928778875;-0,00171453832787219;-2,44529644485063e-05;-0,000122715445419097;0,00012659608224165;-0,0177179681030205;-0,00364372015969325;-0,0179686375754415;-0,019279036938014;-0,00244912832089868;-0,152264645868718
2017-02-01;0,0039958994912208;-0,00234022561802582;0,00276227867083855;-0,00312913742563987;-0,0359675864200163;-0,0157733818495354;-0,0103152990502103;-0,00560769305089098;-0,00244766869569042;-0,00107049167406577;-0,0012910932839636;-0,00238821285335645;-0,000894934903887603;-0,00186941924348004;-0,000178672183561624;-8,70111858202054e-05;0,000222785237398817;-0,0164831303253516;-0,00323148821258329;-0,0160725977409281;-0,019621808322698;-0,00408908825683228;-0,135873173033939
2017-03-01;0,00632200237680028;-0,00259396903647132;0,0030681874482648;-0,00307271679258095;-0,0341369205827391;-0,0160614992062438;-0,012573047146132;-0,00515815320646607;-0,00222995908582801;-0,000820159479060709;-0,00130384232316589;-0,00231926955081015;-0,000764986097473774;-0,00162014064799157;-0,00115957099868903;-0,000101723976890621;0,000399200479499009;-0,0175177241193918;-0,00222999723811041;-0,0100636635903063;-0,0129485242265004;-0,00680596435295898;-0,123692386365852
2017-04-01;0,00405238208831974;-0,0026046660223212;0,0032019618154598;-0,00361899239760282;-0,0309131585299317;-0,0158446781285849;-0,0119770551888906;-0,00450222582414509;-0,00185092890841661;-0,001056123675934;-0,00123056762263551;-0,00224440541744955;-0,00073558637967722;-0,0015531100486256;-0,000592621993294119;-0,000709660939796407;0,0003210305489853;-0,0178163082031598;-0,00172838704596624;-0,0079238349096515;-0,00810089975676072;-0,0069269128491324;-0,114352296095257
2017-05-01;0,00343858089039248;-0,00235545069905814;0,00313808340672455;-0,00559551539125037;-0,029167543178755;-0,0156862889834035;-0,0121487934122873;-0,00470697249904835;-0,00131070007815771;-0,00106457941635351;-0,0010473191854813;-0,00207061794131575;-0,000834246706090842;-0,00105953556532574;-0,000845551433284461;-0,000596778365032581;0,000582630598212646;-0,0237417489473806;-0,00145356682504375;-0,00819427715898695;-0,00983647406955684;-0,00898135498178148;-0,123536741874294
2017-06-01;0,00583454275517047;-0,00226156378416232;0,00473835148598262;-0,00612283345839472;-0,0249236084363974;-0,015414699343978;-0,0111143131470902;-0,00394850035809951;-0,000870311135471221;-0,00104922055328552;-0,00101739514728683;-0,00201152782442771;-0,000639391186747233;-0,000135979085580236;-0,000893001997090302;-0,000504269133748888;0,000526629797757139;-0,0162863353986345;-0,000509691028749016;-0,00836508643900019;-0,00274114793015383;-0,0107108012805443;-0,0984175649261825
2017-07-01;0,00112238986030714;-0,00231347868093092;0,00659557634591384;-0,00708052094211144;-0,0227160023416345;-0,0152372267341517;-0,011133371598325;-0,00397855673652416;-0,00071085919697946;-0,00100608251396789;-0,000924939851820653;-0,00195437377082396;-0,000561882832405845;-0,000103522061309718;-0,000404169974871146;-0,000282749095509634;0,000657529879762333;-0,0152161325933333;-0,000396464490621134;-0,00818707132825687;-0,00492034560400745;-0,0103181881769579;-0,0990704424385596
2017-08-01;0,00334925631015505;-0,00204359968772415;0,0061656645261514;-0,00628079426532767;-0,0201782731661745;-0,0152745866802197;-0,0105459817125699;-0,00390007746332147;-0,000204357981357694;-0,0011361786626689;-0,00084673472152232;-0,0017064098600638;-0,000594471582878293;-0,000543262751956309;-0,000576271717826952;-0,000292778584480846;0,000624760272445351;-0,0146073382679932;-0,000307735874263617;-0,000867310694648596;-0,00770170022362153;-0,0095051121187472;-0,0869785983320798
2017-09-01;0,0065446988957749;-0,00174427178954095;0,00764835168816077;-0,0036487392335198;-0,0282419534258204;-0,0148088232591601;-0,00945355854000906;-0,00397735287669243;0,000341512491680131;-0,00104063140966526;-0,000741399511499608;-0,00159428207478673;-0,000531278522196469;-0,000785260543081533;-0,000350777507271282;-0,000447993195983814;0,000462240925026327;-0,0107829962150245;-8,46121850148673e-05;0,00196680654269909;-0,00957737841132195;-0,0117384051736569;-0,0825874703936404
2017-10-01;0,00477986490486492;-0,0016246050432461;0,0114709897188929;-0,00704857932326948;-0,0284086458429982;-0,0144007637567764;-0,00963927385967712;-0,0039868326546329;0,00105560277104515;-0,00114388499131303;-0,000769616714067123;-0,00190160230334317;-0,000572880179645477;-0,00110830872393152;-0,000740342773093385;-0,000178269269636767;0,000643442245223978;-0,0126382321621918;0,000187005165443984;0,00438329831036498;-0,00690460868136469;-0,0106371339733761;-0,0791847582874127
2017-11-01;0,00678998928208099;-0,00130365980564029;0,0121981298611224;-0,0068087678739598;-0,0300548584891334;-0,0133620753087576;-0,00772009255847672;-0,00310871118019646;0,00179697464292543;-0,00127893207881879;-0,000774696422294927;-0,00183000265368251;-0,000729687379383783;-0,000753918978706598;-0,000766424408721034;-0,000251884213624969;0,000746813072114678;-0,0100034467456282;7,88291855675952e-05;0,00311341379211376;-0,00855421975793336;-0,00930662505787051;-0,0718838898399402
2017-12-01;0,0137590303432769;-0,00117850968849996;0,0162924242688556;-0,010389535420499;-0,0245466037980102;-0,0115143494870654;-0,00601217900185774;-0,00235130618501965;0,00246798437650149;-0,00154037630820687;-0,000622949101800943;-0,00209676809346489;-0,00060391692192645;-3,56188206589064e-05;0,000229642455512363;-0,000455282757814392;0,000753127618815527;-0,00692010046260022;0,000215127156011386;-0,000328188638338537;-0,00428739245641619;-0,00842051670302969;-0,0475862194995014
2018-01-01;0,0124048231918522;-0,00101198084789894;0,0138763283364029;-0,0110647415840363;-0,0246385991926968;-0,0108277507046351;-0,00565141755016903;-0,00270216320262578;0,00333622115748791;-0,00170679921816619;-0,000605976861627213;-0,00199593860803249;-0,000793525580428604;-0,000403220432513293;-0,000922916336175107;-0,000353939142424811;0,000978609969491539;-0,00687893137247456;0,0001059411147653;0,00335256704689878;-0,00436289917436587;-0,00659482068038231;-0,0464611296717535
2018-02-01;0,0108876976917559;-0,00122034950566718;0,0136677899175335;-0,0117454738526914;-0,0274208683914261;-0,0101510005472273;-0,00486879257423255;-0,00169143291445298;0,0038650327961187;-0,00124301290428192;-0,000551290218729187;-0,00198677051935031;-0,000782906731036202;7,54822886580729e-05;-0,00120537052622906;-0,000298010593149526;0,000587372991746905;-0,0036960402309433;0,000571998922214348;0,00211286347953582;-0,0020630606114962;-0,0093011256273004;-0,0464600525778144
2018-03-01;0,0141910820241805;-0,000627662413750599;0,0145353486167681;-0,0123786100401242;-0,0240380191797599;-0,00872723088504232;-0,00136968043063419;-0,00189130097163639;0,00518617709256618;-0,00118351346486652;-0,000384466448212225;-0,00185615414412615;-0,000843264455607773;0,000833800203906427;6,35972484222386e-05;-0,000423183648205804;0,000877127028032851;0,00192089232600264;0,00101026874732446;0,00105602558442083;-0,00170423167932069;-0,00778565256238894;-0,0235399525039183
2018-04-01;0,0147715565922939;-0,000671266944490929;0,0142882828692586;-0,0111774366941999;-0,0223666659907624;-0,00833553413806332;-0,00198241146656782;-0,0020989243921551;0,0063019467610709;-0,00109350235778236;-0,00041307874791417;-0,00165356305333186;-0,00107257912784774;0,00187589398767829;-0,000688009186236643;0,000291762338548329;0,00141213249564205;0,00803386505106953;0,00102165786760453;0,000690111482200762;-0,00274864968650724;-0,00659999174734223;-0,0122158263526988
2018-05-01;0,0167299262411461;-0,000529797680818828;0,0139744033099791;-0,00986127924861602;-0,0184728076333089;-0,00742417271688386;-0,000241360492837235;-0,00168713829005843;0,00735427160874763;-0,00113128055534801;-0,000497582456396926;-0,00166301280503599;-0,00100598390136391;0,000919168376495547;-0,000503751285393378;0,000128648688523474;0,00125671956366415;0,011981579362014;0,00113139967276951;0,00798192228195311;-0,000875234566742743;-0,00664148058735726;0,0109245253905403
2018-06-01;0,0190349479460813;-0,000615901333903887;0,0142716882079769;-0,0120155081596154;-0,0221524589147108;-0,00644376331352176;-0,000570227931621354;-0,00184075999760287;0,00760434515929755;-0,00100038797875194;-0,000504758367293608;-0,00181750735628711;-0,00132282086719189;0,00194476424860131;0,00017187569268222;4,11046023049426e-05;0,000981315581694863;0,00781427603930505;0,00112906132785411;0,0127950210825712;-0,000667770078087567;-0,00727420858391706;0,0095609923033253
2018-07-01;0,0219087766726342;-0,000609337470674853;0,014050784542276;-0,0110888927316769;-0,0246626555815424;-0,00491995308333285;-0,000151894024378798;-0,00167464855677326;0,00871234815254225;-0,000709829168003292;-0,000551502217554357;-0,00181811937268154;-0,00121516865369859;0,00245242143853888;-0,000997519876187205;-4,96135133909068e-05;0,00124950967752142;0,00757113532896726;0,00110100946431098;0,0137232265470345;0,000466348602303255;-0,0051839495126687;0,0176038406267647
2018-08-01;0,0219127236392158;-0,000473317141139871;0,0136076752629475;-0,0101375430766023;-0,0225829539802742;-0,00362946311366432;0,000142675213172021;-0,00159322232442295;0,0100146836044191;-0,000132121673206335;-0,000510264276590993;-0,00156166441370988;-0,00100878102846936;0,00342533164324988;-0,000847150247862686;-5,66092567979972e-05;0,00166723836420704;0,0128490892892433;0,000969328672120834;0,0106293919289667;0,00863634176014033;-0,0023804716980556;0,0389437115625331
2018-09-01;0,022844419262505;-0,000495134106296437;0,0136529073191561;-0,0108296179081031;-0,0167898104427706;-0,00239000126893573;0,000629536193082275;-0,00130516989091198;0,0107693171561682;6,61841921092504e-05;-0,000470426751310186;-0,0014896710268523;-0,00123995973754314;0,0043345982492346;-0,000364254661304349;-6,07530741231721e-05;0,0015596294885929;0,0122257380111713;0,000901395398956291;0,008732988326722;0,00949345871103775;-0,000543885904990246;0,0492259991453474
2018-10-01;0,0200493256665385;-0,000458580731352554;0,00773881713572777;-0,00859851602606309;-0,0155353016970574;-0,00139056343274578;2,5581687956694e-05;-0,00135980036887571;0,0117035158263622;5,12752602967103e-05;-0,000432182538619499;-0,00188928722520306;-0,00105579104291181;0,00378744723862225;-0,000658172804326623;-5,42619434643924e-05;0,00175790266279441;0,0149670729539843;0,000130010699025726;0,00561996247855177;0,00412253721091344;0,000248750268384528;0,0387710402744361
2018-11-01;0,0223206087623504;-0,00042333376312671;0,00644801946160512;-0,00817061928532099;-0,0115197560053415;-0,000454103635713582;-0,000303451498440021;-0,00119592597490923;0,012690917750399;0,000393209499866171;-0,000402406093666094;-0,00175549605203218;-0,000678164887359798;0,00427769086133478;-0,000685703839415613;-4,15492845445052e-05;0,00198131965239647;0,0151167567623322;0,000145984531330466;0,00886251815652643;0,00586186491707777;0,00120795359041778;0,0536735630698595
2018-12-01;0,0232310460725566;-0,000444859226734652;0,00787286505590186;-0,00535481394031452;-0,00878284999864016;0,000167345920808831;-0,000283480601881639;-0,000937266326606591;0,0132561378145066;0,000680123066491959;-0,000408152879445905;-0,00147024912974589;-0,000784719461134268;0,00472580305449655;-0,000922754723887127;-5,87224388489598e-05;0,00193000269235677;0,0151761953828462;0,000348402669210341;0,0123380969343553;0,00369129747303172;-0,00278817147497096;0,0611800158118019
2019-01-01;0,0185820823848106;-0,000351668412817772;0,00768704351337229;-0,00379975430054266;-0,0108672360858921;0,000956723085078306;-0,000730567958492457;-0,000607011294003433;0,0139880774771894;0,000985170522769263;-0,000362142225350539;-0,000213627445607999;-0,000851071435690459;0,00401041779168783;-0,000568249150570458;-2,1162299833725e-05;0,00191190351723402;0,0171840563944749;0,00055863156139091;0,0109975757393876;0,00351921735679055;-0,0028867429638057;0,0591230176076634
2019-02-01;0,0208483291663589;-0,00020768118029041;0,00817910868644815;-0,00471422854999288;-0,0151658593619683;0,00160028751436924;-0,00200180606362001;-0,00104362886709644;0,0149357570130833;0,00100738524301988;-0,00041010076854096;-7,85301491822899e-05;-0,000584416346875447;0,00417092719261926;-0,000337225648476251;4,25367559055836e-06;0,0024248503048099;0,0146753401005268;0,000237419313211415;0,0146318306560551;0,00328069615589879;0,00117761789443587;0,0626275773470133
2019-03-01;0,023498996061871;-0,000347506030802551;0,00697401612569722;-0,00431629550429339;-0,0161539636212113;0,00279014886676071;-0,00028123088110016;-0,000251000664292795;0,0151490466772537;0,00101276996740573;-0,000336208441994801;-0,000180112336460474;-0,00028967721901724;0,00422312168758942;0,00015280807430611;2,64917681689305e-05;0,00194261576518162;0,0110300370793344;-0,000316228887703848;0,00305907431142369;0,00340681502574836;0,00228888757347764;0,0530866528577627
2019-04-01;0,0180003109875502;-0,000264401704017631;0,00542929965231912;-0,00537025981057364;-0,0162568950609233;0,00377617198748117;-0,000478593222036905;-0,000214491736922238;0,0160388494845717;0,00136045993498073;-0,000266445890565746;-0,000171537352938492;5,59391817123741e-05;0,00203482381042507;-0,000265965636753316;5,09050698075096e-05;0,00194337568819672;0,00357076355469769;-0,00050822862320812;0,00438382134660767;0,000513192559651944;0,00223836355296281;0,0355928924262714
2019-05-01;0,0202880455030768;-9,47977833463233e-05;0,00584343173820446;-0,00470573149177574;-0,0112191821174309;0,00486408357829101;-0,000872865660062691;-0,000149299008251733;0,0175001772919365;0,00190548322305452;-0,00021558641577484;0,000620735566312077;-2,03573130710098e-05;0,00282784449144035;-0,000140948873428543;8,9932571624481e-05;0,00189832944274581;0,00313045465550224;-0,000524023856691829;6,50604981525235e-05;-0,000999959518645439;0,00241131372971342;0,0425007865348783
2019-06-01;0,0244295176420328;7,07542773693314e-05;0,00600705905309611;-0,0022420185342788;-0,00666380406590145;0,00589394920318795;0,00201679619439398;0,00068858816577601;0,0190387395377048;0,00250779231048341;-0,000104428041932698;0,000936418035635923;-0,000140123724341601;0,00327000609943152;0,000604283466618442;0,000117663994496357;0,00211390619913772;0,00307955972063896;-0,000811105236727384;-0,00757488030592384;-0,00418034214713385;0,00327574357050512;0,0523379554915844
2019-07-01;0,0212187632979716;5,74155407444945e-05;0,00405356633727511;-0,00248611924549706;-0,00153688081594814;0,00603416672313935;0,00186985498834366;0,000334603573719628;0,0203633991858418;0,00323335606911287;-1,79289154245898e-05;0,0011066202485993;-0,000206885001784579;0,0020143462868569;0,00118035665519523;0,000154042663826389;0,00254887322172139;-0,00102635548899198;-0,000962443763975956;-0,00751082197245082;-0,00390895038938484;0,00343713225390852;0,0499461740277733
2019-08-01;0,0227011966717843;6,64481403636206e-05;0,00366322045442108;-0,00278218737664297;-0,00047062296981547;0,00606561758932773;0,00211571350221634;0,000950437437938835;0,0211032291740866;0,00372523663384885;7,28749824068814e-05;0,00107388534403532;-0,000324765024311352;0,00091050294322968;0,000505134387283744;0,000174185577597477;0,00233965316819489;-0,00356603378316512;-0,00037909914567283;-0,00819751372563941;-0,00503029086456743;0,002256744957938;0,046969703747354
2019-09-01;0,0253006967735692;1,33590218858294e-05;0,00397511366407571;-0,000471251416938126;-0,00188781213741903;0,00658510995623623;0,00167134334784998;0,00113752454647267;0,0220832041705329;0,00443206030185123;0,000108097768772836;0,00134155979637142;-0,000304627560554867;0,00153692608112224;-1,30361569337025e-05;0,000206203076162183;0,00278454171661163;-0,000563050782067254;9,4167134612201e-06;-0,00789818962124989;-0,00226756243322623;0,0023459712545249;0,0601319908175517
2019-10-01;0,0262072422240887;0,00013095601606736;0,00580803465032332;-0,00204659945655261;0,00105061252957063;0,0069233842729457;0,00136729661746354;0,000469963168354876;0,0247925594185032;0,00533334121034095;0,000272956775352922;0,00139066804609348;-0,000395720484942024;0,00085941759382513;-0,000304464539581985;0,000235700487619058;0,003083677666714;-0,00616583162858361;0,000572394258691015;-0,00301505948705526;3,21487415850905e-06;0,00414105643086112;0,0707134580316846
2019-11-01;0,0256816726658038;0,000124605940240707;0,0068875186989262;-0,00399449008595358;0,0021343875129037;0,00722139157963771;0,00118571917808904;0,000453219260639948;0,0254763315672881;0,00534253239260785;0,000306458850078453;0,00161678577161097;-0,000832574538252977;0,000353000444863648;-8,62918746455519e-05;0,000244789265960026;0,00267162972418963;-0,00488930167330024;0,000752884808840495;-0,0017056069615577;-3,98731009997946e-05;0,00441769083209333;0,073325016681826
2019-12-01;0,0232848878471901;-4,01365251552841e-05;0,00784972287269938;-0,00261357476007632;-0,00311188132827644;0,00756112651057982;0,00213291362716109;0,000481878932650216;0,0247333095780344;0,00507321279631204;0,000296923325430967;0,00176927098709623;-0,000863370940806242;0,00024818825892308;0,00103189765334491;0,000261184464020889;0,0025438363211839;-0,00441883044980558;0,000258877847772605;-0,00544945075325518;-0,00247057887616468;0,00657350553186594;0,065136563034133
2020-01-01;0,0231575859990013;9,54267397993971e-05;0,0087572470804342;-0,0028448738475004;0,00112009378659248;0,00773109076894381;0,0020345806802584;0,000523073514558076;0,0262978794028141;0,00570174942793307;0,000297888606149018;0,000928668071983997;-0,000818849881327367;-0,000284475427386189;0,00135388238529986;0,000267633657804893;0,00248655504047165;-0,00587154718347163;0,00101432740323657;-0,00469394761249315;0,00177111514268527;0,00619102279832243;0,0752136251581508
2020-02-01;0,024060348292977;-1,35299869165686e-05;0,00864772044521621;-0,000578911527460239;0,00880957095122292;0,00762082014246074;0,00342456466724681;0,00116919626260202;0,0264398963304608;0,00617860529521023;0,000375444406595664;0,00110760552081109;-0,00100586634794479;-0,000777985307603824;0,00022981452801602;0,000285255941016045;0,0022667161836921;-0,00727195638955569;0,000766989316253431;-0,00376523721926538;0,00410140759515384;0,00537849343703837;0,0874514509687061
2020-03-01;0,027514419298294;-8,39537257384441e-05;0,015668371899616;0,00766952629665759;0,0166116907787753;0,00793136865498966;0,00509940622600413;0,000598474267383628;0,026367421549287;0,00681876993420639;0,000252451034949056;0,00134659935662507;-0,00099496227377819;-0,000189035863828853;0,00232154175469306;0,000313394237650016;0,0011191387489969;0,0148427657135542;0,00182423318147845;0,0282433450301432;0,00925751240675724;0,00591630470014783;0,178443929578944
2020-04-01;0,0237334975981467;-0,000745177212780631;0,00798799877305628;0,0322319203236223;0,0321019140126677;0,00853774786764958;0,00222214726001309;-0,000902800267423564;0,0240611282712419;0,00720720557752211;0,000169442538659596;0,00187434714674029;-0,00129678665976415;0,000755337741827254;0,00215045333175604;0,000386760423954168;-0,00119611715098547;0,0211979839585106;0,00174209340889436;0,0387222075617581;0,012341115560793;0,00523749517229035;0,218527389604851
2020-05-01;0,0153444942981846;-0,00133222352069025;0,00530923615869079;0,0485873123009884;0,0427667706916764;0,0079998346407666;-0,00123708801225681;-0,00210518649694389;0,0226374337099586;0,0073377053789991;0,000122759118740179;0,00128426875389645;-0,000778367382386509;-0,00169593848139257;7,6340407568611e-05;0,000448758278049236;-0,00106821133422594;0,0171976890710977;0,00107267730508142;0,0414714335871355;0,0115497016264902;0,00785158705928408;0,222843422885869
2020-06-01;0,00319578208203599;-0,00183183513429982;0,00277554964328254;0,0445141391042302;0,0542770814020625;0,00659284804091534;-0,00539993491218457;-0,00359592019823005;0,0193300390543737;0,00724585705356479;1,54761567774796e-05;0,00121669387330198;-0,000660455180381548;-0,00606636161115872;-0,000389079877165084;0,000448481371906183;-0,000531366849667247;0,0154382738170001;0,000478280537321321;0,0377284670302796;0,0161918809514043;0,0120030515061971;0,202976897109181
2020-07-01;0,00574587645131322;-0,00193439086125443;0,00517882216420788;0,0527522198276662;0,0823817376555298;0,00604376139182644;-0,00922552757363936;-0,00418514327920033;0,0187866174738139;0,00708186575120362;-0,00012585417547149;0,00168758336837441;-0,000478879735311946;-0,00568041514855396;-0,000410576104771427;0,000427205754463082;-0,000698963849402317;0,012548091054307;0,00020137645933495;0,0318298339711283;0,0147217531051324;0,016593421638074;0,23324288885361
2020-08-01;0,00378309043505663;-0,00207615012450658;0,00506532473850361;0,0534165591349321;0,0947634648785916;0,00519938895648446;-0,0101802588065064;-0,00406383821749562;0,016786831606968;0,00700922585350347;-0,000246076762470907;0,0013719581735695;-0,000224733012792328;-0,00586315479313307;-0,00068839742346011;0,000379036270553626;-0,00017930439129254;0,0124295183588808;-0,000142645360779729;0,0273799880770141;0,014095369383177;0,0198547282820651;0,237873545558667
2020-09-01;-0,00109597650281724;-0,00207389075169053;0,004467986342505;0,0492773121748214;0,112896186605119;0,0039435496631304;-0,0118866980964523;-0,00508770805259861;0,0149813594942517;0,00684457175112105;-0,000371473851208928;0,000808250780794041;0,000388626830731514;-0,00774945544835071;-0,000695246634234613;0,000309839526133936;5,87281557119665e-05;0,00521302642204863;-0,000189636063484507;0,0206591863616625;0,0153356327106256;0,0203884963156376;0,226421446249197
