"Data";"Contribuição para a variação total - Pessoas físicas - Cheque especial - 20573";"Contribuição para a variação total - Pessoas físicas - Crédito pessoal não consignado - 20574";"Contribuição para a variação total - Pessoas físicas - Crédito pessoal não consignado vinculado à composição de dívidas - 20575";"Contribuição para a variação total - Pessoas físicas - Crédito pessoal consignado para trabalhadores do setor privado - 20576";"Contribuição para a variação total - Pessoas físicas - Crédito pessoal consignado para trabalhadores do setor público - 20577";"Contribuição para a variação total - Pessoas físicas - Crédito pessoal consignado para aposentados e pensionistas do INSS - 20578";"Contribuição para a variação total - Pessoas físicas - Aquisição de veículos - 20581";"Contribuição para a variação total - Pessoas físicas - Aquisição de outros bens - 20582";"Contribuição para a variação total - Pessoas físicas - Arrendamento mercantil de veículos - 20584";"Contribuição para a variação total - Pessoas físicas - Arrendamento mercantil de outros bens - 20585";"Contribuição para a variação total - Pessoas físicas - Cartão de crédito rotativo - 20587";"Contribuição para a variação total - Pessoas físicas - Cartão de crédito parcelado - 20588";"Contribuição para a variação total - Pessoas físicas - Cartão de crédito à vista - 20589";"Contribuição para a variação total - Pessoas físicas - Desconto de cheques - 20591";"Contribuição para a variação total - Pessoas físicas - Outros créditos livres - 20592";"Contribuição para a variação total da carteira de crédito com recursos livres - Pessoas físicas - Total - 20570"
2012-03-01;0,0030499578648052;0,0189981621592697;0,00951852566627778;0,0040936146306966;0,0174830224749823;0,00600194299735669;0,042686800067592;-0,000702646096770228;-0,0402197237340979;-9,17916430334167e-05;-0,000418340462718662;0,00240480096268927;0,0112382777177143;0,000175001452219465;0,00258607885715215;0,0768036829141352
2012-04-01;0,00381368077172317;0,0181115384020589;0,00965955741578448;0,00404521773896767;0,0186719116685429;0,00656891016403545;0,0379669230809901;-0,000542106286068711;-0,0391926818914391;-8,46264881644781e-05;-0,00104967039966041;0,00173638770614758;0,0128104626238392;0,000106028972694289;0,00304947090602643;0,0756675835363381
2012-05-01;0,00188412865056093;0,0182714814772036;0,01080628123665;0,00425149768752277;0,0197425550201538;0,00824925849708841;0,0337388333154927;-0,000341682497214689;-0,0379082045904561;-8,45211975094709e-05;0,000558927544624681;0,00162063448834787;0,0133306555467175;8,95231039153899e-05;0,00339432848126818;0,0776036146080537
2012-06-01;0,000287956997532086;0,0170015447977953;0,0108461182829548;0,00424738900973162;0,0200451161477065;0,00918582800639066;0,0316914474447006;-0,000207455632409726;-0,0369233035011337;-7,50915403040569e-05;0,00125931526064671;0,00175361188878911;0,011111930315052;0,000107470374259871;0,00460792187423513;0,0749364625333693
2012-07-01;0,00220946111652467;0,0160255013740068;0,0107502536547869;0,00448794562236518;0,0192373434214311;0,00912527990729129;0,026586950247133;-0,00010530139076637;-0,0362744295672912;-7,01120553003118e-05;1,6985983413593e-05;0,001548596389318;0,0123748689736619;4,04340726358514e-05;0,00506120591723722;0,0710132917049566
2012-08-01;0,000341468767985679;0,0147303057577887;0,0108404512854298;0,00432363445132673;0,0179236059953812;0,00927232083626938;0,0246518572830761;6,20659627732652e-05;-0,0345687930143023;-7,24440763836905e-05;0,000303451173525981;0,000958881248422936;0,00978746399117639;0,00013058530805587;0,00707085619652421;0,0657541272904616
2012-09-01;-0,000565313096850393;0,0140316426428644;0,0101891391721545;0,00447677663825759;0,0140941708958959;0,007699046193372;0,0175738434821483;0,000282574981328779;-0,0328616730882672;-7,31199646280561e-05;0,000331814789642504;0,00106594791746017;0,00702174535395367;0,000133220534214508;0,00544126804092751;0,0488393543250143
2012-10-01;-0,00102808336637367;0,013201171195733;0,00991218737767816;0,00465322644240451;0,0152265141186819;0,0075752390487881;0,0140538625757256;0,000543787823746234;-0,0316146069059262;-7,58513783808897e-05;-0,00196321622487169;0,00159387369144558;0,0102098398135874;5,26707939740052e-05;0,00539342965111424;0,0477324963421455
2012-11-01;-0,00111018591002628;0,011887364733829;0,00934851555477538;0,00462940490894671;0,0147961667868444;0,00796268981761022;0,00996034407460667;0,000656666300297092;-0,0301630731244269;-7,79464198951281e-05;-0,00274095280505062;0,00125222060704853;0,00871713819884068;6,54613550593233e-05;0,00646827814299106;0,0416520922214503
2012-12-01;-0,00043926195344277;0,00803455595762364;0,00900331772400194;0,00336612174693475;0,0161180698112407;0,0104936993726879;0,00771092874324396;0,000666495125546668;-0,0287363330913555;-5,9142663713107e-05;-0,00167606333392879;0,000614578028251461;0,0100378804955323;-4,05591589501112e-05;0,00519976019330791;0,0402925383580455
2013-01-01;-0,00180268148465315;0,00752035204342365;0,00830152112069149;0,00301325694088393;0,0162643578454913;0,0104105260026;0,00335243944098607;0,000609529122827693;-0,0276300478398813;-5,60299240946435e-05;-0,00265464555229367;0,000199458361565894;0,0118944067102938;-3,32389137805637e-05;0,00519040985150594;0,0345797053949142
2013-02-01;-0,00215874858800861;0,00680448574597277;0,00767460758316831;0,00295533167569963;0,016561373209948;0,0102076311454115;0,00148273969990257;0,000736177267953624;-0,0266513533039692;-5,27300097099509e-05;-0,00188677105271545;8,22877095181299e-05;0,00970328011952195;-4,88127905959468e-06;0,00454385537898742;0,0299927434981748
2013-03-01;-0,00297685561665051;0,00633063630987558;0,00657940589675249;0,00290136777404349;0,0174773050658159;0,00928994810805195;-0,00295094518193009;0,000757665887644616;-0,0254003956910842;-5,27292918182889e-05;-0,00146306072802995;-0,000122804965118971;0,00847184609757609;-6,11381849443995e-05;0,00492967143335885;0,0237084487028336
2013-04-01;-0,00287009811990171;0,00651987343383607;0,0057132056437157;0,00289972401365579;0,0184659803107557;0,00924049727694798;-0,00338181057983047;0,000886148149389084;-0,024154942265693;-4,86338473673659e-05;-0,00263411448656251;0,000886810013887747;0,00996514212423857;-9,31456709633231e-05;0,00344560674417006;0,0248403372851511
2013-05-01;-0,00223765654670684;0,00556695346015623;0,00370331675166836;0,00262136848426814;0,01810852727952;0,00920196470808593;-0,00484039727080263;0,000961425481974371;-0,0228847467031497;-4,47145641811347e-05;-0,0025432742399988;0,000241154458150202;0,00957564428586692;-0,000144865438228967;0,00377676944805933;0,0210599413955876
2013-06-01;-0,00231787318767692;0,00530986812955578;0,00252377713323642;0,00242047860208626;0,0175234694215315;0,00830782537579948;-0,00799436915195406;0,000990712529196009;-0,0216850213322844;-5,36591410371017e-05;-0,00176355980968731;-0,000205806974450323;0,00783789604175745;-0,000269254065471538;0,00287735617280058;0,0135061947018902
2013-07-01;-0,00191436227795567;0,00586014001079829;0,00164696440692077;0,00246288293148076;0,0182923440655305;0,00855661763975228;-0,00817109513737097;0,00108565782201381;-0,0204660526349229;-6,07308318254071e-05;-0,00127909800723595;-0,000423118041831115;0,0111484175345012;-0,000276470084836432;0,00170616083922973;0,0181696713342949
2013-08-01;-0,00140127793101516;0,00580697817416742;0,000466819804529385;0,00244058836685796;0,0176744523455452;0,00873617670014404;-0,0123484191102967;0,00122564159581962;-0,0192630058162105;-6,38394452758424e-05;-0,0013278891170869;0,000519043961371236;0,0109486380046702;-0,000290122086233849;0,00162504074638403;0,0147475106806143
2013-09-01;0,000582721457807617;0,00527809454690724;-9,82286613518627e-05;0,00172291496849769;0,0210995853124342;0,0102319576447031;-0,0115603001106647;0,000782349150751528;-0,0184653220893339;-5,63138833507194e-05;-0,00172051336850859;0,00075474759009695;0,0152294761212465;-0,0003315625791422;0,00140071860696709;0,0248474233134328
2013-10-01;-0,000360250229835795;0,00511447629370369;-0,000735461524169123;0,0015352432384913;0,0201191290285864;0,00959288797673673;-0,0118749125920319;0,000758515209836061;-0,0172745504833547;-3,3067303210597e-05;-0,000848858709232175;0,000554652382688922;0,0141243977350181;-0,000319527865522719;0,000849896096791583;0,0212040470316823
2013-11-01;-0,000592569198871243;0,0048887119940947;-0,0012207669452423;0,00135330942055865;0,0198934534975034;0,00929525391973019;-0,0120790063305467;0,000617542863075994;-0,0161840553143454;-1,00946089008391e-05;4,44001586830843e-06;0,000280868132695133;0,012408816791599;-0,000282038896951173;0,00115827684382252;0,0195321421840902
2013-12-01;0,000535389884353728;0,00362777592525043;-0,00229119435371838;0,00127986197298724;0,0192559749304433;0,00920575258935589;-0,0162086132346743;0,000448047207950698;-0,0151331565854616;-1,88376965773365e-05;-0,000395604885799038;0,000301367731889413;0,0148689860391978;-0,000284814194355897;0,00106015959946277;0,0162511758636972
2014-01-01;0,000256269468077873;0,00438196747779868;-0,00243063899733144;0,00132540445807824;0,0190678599846441;0,00856107778629035;-0,0153683618114379;0,000547869681365123;-0,0140694418945855;-1,77988005992267e-05;0,000346827585374706;0,000598796389302855;0,0137937936859382;-0,000262540129729087;0,00111297378700573;0,0178468619603089
2014-02-01;-0,000479039701274752;0,0038211043843323;-0,00275305384044125;0,00127887834828727;0,0186621974506987;0,00839213727171256;-0,0177128932791964;0,00151743638723599;-0,0133016673969134;-1,90651642006479e-05;0,000840744070903797;0,000901430256313127;0,0130092238737604;-0,00022997282392085;-0,000162974907688753;0,0137687262356292
2014-03-01;0,00206385836173148;0,00293548380531071;-0,00321267546156015;0,00103391666013695;0,0164163419492719;0,00749964503885104;-0,0198615528277092;0,00129045524191232;-0,0126104994555999;-6,27508157493084e-06;0,000354734328553143;0,001044863948709;0,0149418717877606;-0,000271025840507022;-0,00252373246834511;0,00909549311726887
2014-04-01;0,00146663919075026;0,00261568416197769;-0,00346398089998367;0,000923826722467052;0,0147683731700554;0,00661566170954389;-0,0216747483062829;0,0010632504864222;-0,0116286184756085;-3,57614251059966e-06;0,00160188068119155;0,00136313168978109;0,0102302890282362;-0,000229882629482298;-0,00271555875040836;0,000931118822053767
2014-05-01;0,00129622659233486;0,00241854454027591;-0,00364318709293958;0,000810469821963039;0,0137004797435776;0,0057252119514378;-0,0230737371633849;0,000825092985514622;-0,0107690944527339;9,63086335700508e-06;0,00115565645667544;0,00175206104578183;0,00895454304166433;-0,000187645597625501;-0,00375737493390059;-0,00478312219800203
2014-06-01;0,00325831157789237;0,00117763071942583;-0,00397775144979449;0,000542089886474628;0,0133228511942928;0,00596400412718825;-0,0261343851132602;0,000630324469525283;-0,0101833454853228;5,48632618205959e-06;0,00177766839183647;0,00191601920752594;0,0102252292130568;-0,000121863549667578;-0,00506036114042085;-0,00665957845896148
2014-07-01;0,00143040705522267;0,000929613650428557;-0,00395687176559992;0,00056678992337028;0,0130625555342528;0,00592829061643509;-0,0277243469698228;0,000459349404808048;-0,00939140424858509;9,89927286729914e-06;0,00118974836363523;0,00199724321774244;0,00646950096798295;-8,89908875626508e-05;-0,00494922896538734;-0,014067529564006
2014-08-01;0,000931139293575426;0,000685352678473066;-0,00396409230388655;0,000543385595325012;0,0128246795327164;0,00509034129912451;-0,0281544332283456;7,76186631903897e-05;-0,00872999142874936;1,40490257134772e-05;0,00143055471023868;0,00140685461308413;0,00647921420297785;-0,000105255322364987;-0,004835583181918;-0,0163059970264039
2014-09-01;0,000205507184750967;-0,000565301441021173;-0,00407777770702077;0,000452216948538703;0,0117073478063143;0,00485417032104373;-0,0286199901613862;0,000414772679276612;-0,00818510438047181;6,88038119062486e-06;0,00127149566309669;0,000956739040490183;0,00721623299634296;-0,00012740963429491;-0,0022306507864513;-0,0167194958499658
2014-10-01;3,92402730430197e-05;-0,00125120905881639;-0,00342765097385966;0,000503220090487076;0,012346962054998;0,00647444606671149;-0,0284050998538895;0,000110605616135172;-0,00758490194404049;6,00362074942243e-05;0,00240806042758749;0,000632337795081716;0,00683981837386237;-0,000125182719960282;-0,00193433175897105;-0,0133162149613103
2014-11-01;-0,000134005043151606;-0,002550152442519;-0,00348120705107243;0,000543277089934452;0,0111167773704854;0,00729090010127247;-0,0283101991204827;2,89321649406192e-06;-0,00705507916871202;3,84720291382446e-05;0,00176701720082666;0,000681347552446385;0,00528525065376828;-0,000164144685644304;-0,00206732336578667;-0,0170361756630028
2014-12-01;-0,0004087853576909;-0,00147578735480967;-0,00326424684100817;0,000366384917871336;0,011939675059274;0,0081522557533921;-0,0266006389345682;-0,000192797378319477;-0,00648321362655558;3,61266920573712e-05;0,0016573417422469;0,000559421599852586;0,00677263424407787;-0,000208095545081376;-0,00170605413557787;-0,0108531655457749
2015-01-01;-0,000281256330105098;-0,00278476002955402;-0,00325954710062305;-8,99016913474792e-06;0,00973036503850128;0,00774106569321837;-0,0287075384551151;-0,000647333108627658;-0,00597095004291303;3,67197238978975e-05;0,00193221875117667;0,00033258993609428;0,00594916019841192;-0,000181031991665574;-0,00122912679987701;-0,0173485039371141
2015-02-01;-0,000427980872104212;-0,00344031844278797;-0,00272383795679582;-9,71523493820316e-05;0,00747998162363997;0,00727876569438678;-0,0309022606905158;-0,00157847316341782;-0,005583806436601;5,5834407501111e-05;0,00187266970799114;0,000158119868143827;0,00405627144657455;-0,000258820711015234;0,00138263721545765;-0,0227309619545265
2015-03-01;-0,00183388907142552;-0,0040482320410922;-0,00212662533779755;-0,000490774089865924;0,00651574916804853;0,00834298863559187;-0,0318920124251895;-0,00160078020127325;-0,00499232701374063;3,77046378690716e-05;0,000562206656661113;0,000141893848060756;0,00273695668157416;-0,000280800765217277;0,00318423563410616;-0,025742366784105
2015-04-01;-0,00232917963768244;-0,0041992455532219;-0,00160390676509561;-0,000765918679626002;0,00575706639435867;0,00871610692341501;-0,0331547962983895;-0,00177937714729503;-0,00455115725967492;3,51309676637395e-05;0,000890921303837002;-0,000242262385625382;0,00161375054889441;-0,00027557658650925;0,00274968003063646;-0,029136093118534
2015-05-01;-0,00261933239913482;-0,00494782167389832;-0,000844448506153229;-0,00102552272952345;0,00370280478312238;0,0087176361918438;-0,0349025605183598;-0,00192312585501082;-0,00412596544998052;4,43482202319405e-05;0,00207233263145173;-0,000617453862641566;-2,12147275187949e-05;-0,000276344478538872;0,00321385334269369;-0,0335564862086063
2015-06-01;-0,00299138613112085;-0,00530660384546389;-0,000150313747715841;-0,00127113785039895;0,00227331853334512;0,00826790608273694;-0,0367119905450638;-0,00206866244830035;-0,00373692893026204;5,45956579799465e-05;-0,000178617202893041;-0,000357903869967863;0,00141511543940672;-0,000367582711193956;0,00392889019094353;-0,037202625435835
2015-07-01;-0,00280150423013176;-0,00587509705258325;0,000276913966930052;-0,00148571273436652;-0,000301166751278306;0,007805472410059;-0,0385900875337014;-0,00215391657218514;-0,00333415170549349;5,42724194604324e-05;0,000788282789682283;-0,000590332601121742;0,00035482680530943;-0,000332877171289222;0,00462786906999052;-0,0415597370607109
2015-08-01;-0,00162435776065463;-0,00596582795316586;0,000883545300964689;-0,00180463677174431;-0,00133736804684192;0,00836568197081601;-0,0403513728694303;-0,00212048391757239;-0,00298170551983529;5,069260774504e-05;0,00119167253438053;-0,000884248928513482;0,000517284822024693;-0,000345166447659957;0,0050759275038213;-0,0413265254212427
2015-09-01;-0,00248754193158192;-0,00597144357648226;0,00188761269469068;-0,00198816614096156;-0,00114291167775071;0,00867326730009956;-0,0413235797653775;-0,00217622035079126;-0,00261840233340366;4,96394893216935e-05;0,00135655861650727;-0,00090226401661848;-0,00407347946458267;-0,000344228476205667;0,0053432918571489;-0,0457178677759875
2015-10-01;-0,00233864886290131;-0,00707241204110325;0,00159774755223014;-0,00229825721305169;-0,00404548772971653;0,00613534068069284;-0,0436329512369966;-0,00240580021868146;-0,00230993882147983;-2,55903633076405e-05;0,00197830313546421;-0,000930119218172691;-0,00698224111418105;-0,000335772934321389;0,00531725930451921;-0,0573471515645666
2015-11-01;-0,00157600928069732;-0,00731850474830805;0,00217800665874201;-0,00280637744705678;-0,0044339147801927;0,00446316789948979;-0,0466982899759972;-0,00249192795768324;-0,0020861210354383;-2,51125745237974e-05;0,00360713543743362;-0,00125060953817481;-0,00161526471137289;-0,000380784235027725;0,00434042338396612;-0,0560953585342733
2015-12-01;-0,00297037115579508;-0,0071148965785516;0,00257106426972327;-0,00286809885162399;-0,00579282892253426;0,00317540814912209;-0,049368207040353;-0,00241989066886226;-0,00180670470069098;-2,58795443114439e-05;0,00341776606841169;-0,00165558585897319;-0,00743316640290607;-0,000340422054531445;0,00443371151512517;-0,0682016952785715
2016-01-01;-0,00387130564411867;-0,00799048586080886;0,00280423569866058;-0,00311409162038622;-0,00660078072739315;0,00325388092743859;-0,0500578835626444;-0,00223654053705539;-0,00162812522271442;-3,15468628465644e-05;0,0034756387587874;-0,00207527977405729;-0,0109998937884146;-0,000343573422095246;0,00416379153258993;-0,0752520831605472
2016-02-01;-0,00234665218712462;-0,00854481131025913;0,00276513016502003;-0,00345752454072773;-0,00699251619296554;0,00410891234166756;-0,0501558490841433;-0,00296712871352355;-0,00142033026058179;-5,06903571616742e-05;0,00237034503245925;-0,00230522254946803;-0,00540995366042683;-0,000354458264597453;0,00287289069595624;-0,0718854254373055
2016-03-01;-0,00307093646156418;-0,00807432584514868;0,00308343314527738;-0,00344264368050385;-0,00629807483482466;0,00491029213384305;-0,0476799048977541;-0,00233138604289677;-0,00128893335710318;-4,65058148118408e-05;0,00333011021197015;-0,00237957428117055;-0,0061484322918741;-0,000341027040579901;0,000449035791024833;-0,0693265494553011
2016-04-01;-0,00436596775382739;-0,00762946336305114;0,00309503581530281;-0,00346138328108987;-0,00724782421209379;0,0049571474452939;-0,0478578668538502;-0,00229190771745041;-0,00119471884588996;-4,71348495428689e-05;0,00308557331940538;-0,00249183209060046;-0,0066787275940468;-0,000330304672731399;0,000299839104659722;-0,0721595355495126
2016-05-01;-0,00328058298535686;-0,00893609008059487;0,00281351576886217;-0,00371864210978965;-0,00793209924936514;0,00470429307106537;-0,0472712334338626;-0,00230027622508949;-0,00112593570961658;-7,55000343193663e-05;0,00231035285709821;-0,00203266137128205;-0,00413844350578668;-0,000423994608243741;7,88140758398998e-05;-0,0713258431465795
2016-06-01;-0,00456204504528656;-0,0103119250678956;0,00306667888420786;-0,00349745325484504;-0,0083354743896145;0,00503656794738118;-0,0454767707616479;-0,00216026425497415;-0,00105430566263355;-8,1685900884361e-05;0,00375368941086588;-0,00230340835435295;-0,00447653551612125;-0,000394901354178378;-0,00058227370270266;-0,0713801070226818
2016-07-01;-0,00464043063784255;-0,0108955786641125;0,00279523767765527;-0,00371190660168182;-0,00946942168618544;0,0054801455102655;-0,04419502692687;-0,0020812509078942;-0,00100688009690993;-8,33086674779359e-05;0,00402130230908639;-0,00256767195629129;-0,00555603723184823;-0,000409805597605673;-0,00176432077724811;-0,074083695514582
2016-08-01;-0,0048684473785604;-0,0124090559823321;0,00220295698270893;-0,00386793658717712;-0,0111396686375446;0,00578078478045884;-0,0430076622360938;-0,00265956218496993;-0,000976353026333162;-8,54163945088041e-05;0,00353458594553793;-0,00259112529610834;-0,00150125346927334;-0,000445579837033555;-0,00211369101340035;-0,0741498306291574
2016-09-01;-0,00423557535427856;-0,0127913685928892;0,00154052200671764;-0,00373298095187062;-0,0107390360702317;0,00568802814609931;-0,0411539475548283;-0,00266574229098976;-0,000927660378980503;-8,39986570940509e-05;0,0035715527226393;-0,00251930470357808;0,00023666068131193;-0,000389569380833228;-0,00384816028890638;-0,072049424684401
2016-10-01;-0,00337932592538972;-0,0129703085089796;0,00191994700139375;-0,00343681480631743;-0,0100369897798681;0,00707101918740463;-0,0395279511801029;-0,00196805719206433;-0,00088501968663941;-8,26115460358446e-05;0,00278225630224066;-0,00210555672765915;0,00263685891013169;-0,000390867379060638;-0,00422042185028665;-0,0645914255274822
2016-11-01;-0,00365960787620149;-0,0126531961329255;0,00164087973216432;-0,00330804169940298;-0,00957847659285354;0,00857087287580351;-0,0359904700522246;-0,00194149704020859;-0,000837641145067113;-7,53458074145044e-05;0,00126378276340885;-0,00178761541633253;0,00381871409753935;-0,000371835012326134;-0,00196317749381972;-0,0568714093038856
2016-12-01;-0,00338811350871938;-0,0145304827259344;0,0021781652383215;-0,00340795551140368;-0,00860125945671723;0,00960489847979067;-0,0323020628323931;-0,00195718110619548;-0,000807707320947173;-8,03912045331892e-05;0,00170158471329672;-0,00132809127708353;0,00169480068653171;-0,000336380163570867;-0,00167742884209997;-0,0532339542353324
2017-01-01;-0,00229591184332316;-0,014460224535725;0,00186115892845354;-0,00313371280520476;-0,00664009198274218;0,0105664126931309;-0,0293299548440067;-0,00189050960361991;-0,000786583223548003;-6,66716518702393e-05;0,00136181773342809;-0,000982182085969033;0,00628678463797649;-0,000371733088761804;-0,00309098566619499;-0,0429736303012509
2017-02-01;-0,00579267189372628;-0,0136657424164501;0,00182915365025616;-0,00296871926370298;-0,00460173403870655;0,0101657439387664;-0,0251121441142045;-0,00115600201963012;-0,0007525152405992;-6,30520543190717e-05;0,0029835336962523;-0,000874440294129446;0,0039027144057004;-0,000295929834965488;-0,00294666889595613;-0,0393461513915982
2017-03-01;-0,00384093673370465;-0,0131605525196225;0,00149373183561571;-0,0029613637590075;-0,00389866729681342;0,0104210940705092;-0,0233328322192888;-0,00175142548887759;-0,000752678500330828;-5,29735004330606e-05;0,000972343302798941;-0,000733825547103327;0,00859995666056527;-0,000288007403288634;-0,00130945082157226;-0,0305968909507937
2017-04-01;-0,00317304738841362;-0,0145376561167809;0,00104031578499314;-0,00295453348733266;-0,00269612737341593;0,010704383889448;-0,0198759103545639;-0,00209362443164551;-0,000726619904244666;-4,72438070396538e-05;0,000104981523302393;0,000581804161133932;0,00866855883743881;-0,000304637419740119;-0,000477325147959529;-0,0257866812348202
2017-05-01;-0,00336500534956208;-0,0120372961915838;0,000724703044760938;-0,00270115068107646;-0,000861909425660793;0,0124003238199093;-0,016756665085847;-0,00183959866195423;-0,000673357062738704;-4,45620636945201e-05;-0,00306381256736892;0,00297329339183651;0,0103247948174218;-0,000274266755454047;-0,00182560416231117;-0,0170164579155307
2017-06-01;-0,00291148275212046;-0,00945453926718591;0,000675919476544042;-0,00260946254219095;0,00107614918738734;0,0133697536006892;-0,0130117954347865;-0,0020992912982032;-0,000629361277392823;-5,06917426851376e-05;-0,00522341888209547;0,00405250540250857;0,0121358940452414;-0,000277546137308483;2,89611501682671e-05;-0,00492840647143011
2017-07-01;-0,0018632853411391;-0,00893014024999802;9,94837198400375e-06;-0,00245132067068202;0,00267664178668931;0,0133299574373695;-0,0106055824375584;-0,00217925557989779;-0,000590124887673541;-4,39723744821555e-05;-0,00583616087196008;0,00531700686341586;0,0166320013416708;-0,000259992556285492;-0,000482763599937121;0,00472174000223635
2017-08-01;-0,00261010446537611;-0,00734013370695711;4,72086767166095e-05;-0,00211609886351693;0,00482810325143921;0,0133921106265747;-0,00702909321818599;-0,00145056526779567;-0,000543228921681826;-3,21610655922142e-05;-0,00673477235285611;0,00562807911164487;0,0135174739554879;-0,000246364356085556;-0,000932038739795867;0,0083796583615825
2017-09-01;-0,00375528696688508;-0,00712864622063324;-2,89828561746204e-05;-0,00220712140580981;0,00414955669278789;0,0138021610234127;-0,00490029594568533;-0,00137117748127338;-0,000523205418910875;-2,25273805254205e-05;-0,00783025565609129;0,00577275620932322;0,0134347807793135;-0,000246744070523157;-0,000329592851549022;0,00881538762018041
2017-10-01;-0,00286930474733385;-0,0059410321513993;-0,000656773981574508;-0,00231768481726452;0,00457002844193331;0,0142468839474757;-0,00204872119826542;-0,00157756216545587;-0,000502166345060195;-2,02835595273672e-05;-0,00756064882466947;0,00580700637134222;0,0151261779631739;-0,000236874405985135;0,000761565460227321;0,0167793666379832
2017-11-01;-0,00255824075347662;-0,00488826873192139;-0,000742165124194474;-0,00206393594503324;0,00473417917199205;0,0142949625469292;0,000386719504396428;-0,00123667951608885;-0,000473250901036764;-2,03332259932595e-05;-0,00721443326065048;0,00601586104522932;0,0170890996571229;-0,000214755284261215;-0,00119459565237314;0,0219141635306406
2017-12-01;-0,00273888530448995;-0,00359351194893738;-0,00145753438750856;-0,00142366064310282;0,00471797667406617;0,0143200423056812;0,00245135665915541;-0,00102121931475268;-0,000451980937172014;-1,30169623982515e-05;-0,00750119534437818;0,0063007272515801;0,0168380839421729;-0,000186169554885818;-0,00136555169210692;0,0248754254252332
2018-01-01;-0,00227043289087915;-0,0018795417163563;-0,00131988927786909;-0,00114616572991485;0,00481732955464214;0,0145020959755822;0,00549570621326919;-0,000872781163151228;-0,0004253189865706;-2,13986110186096e-05;-0,00759634274915136;0,00628202660161723;0,0210477151935451;-0,000152291744417291;-0,00077990086379691;0,0356796112520961
2018-02-01;0,00046768755871149;-0,00106788559214097;-0,00150765814582991;-0,00107372637603204;0,00500509189819242;0,0139524363364848;0,00529351048387734;-0,000764686614164672;-0,000417770879392425;-3,34197734271805e-05;-0,00858970169223961;0,00649798034070862;0,0192669422109167;-0,000180436455264905;-0,000347731700127926;0,0364945074495548
2018-03-01;-0,00222205121194862;0,000177663280737355;-0,0012190947908176;-0,000634412585897406;0,00558681374403281;0,0128229077569625;0,00858369892054956;-0,000599261974974967;-0,000381198210188742;-3,90496667191071e-05;-0,006870292933759;0,00679893406275288;0,0171288184275153;-9,50504062451716e-05;0,000177017266002843;0,0392154095241548
2018-04-01;-0,00110699820876485;0,00102059385476494;-0,000985699811545733;-0,000448537246429723;0,00581243794739726;0,0128137859032782;0,0107284066971512;1,25409773959975e-05;-0,000367041683770114;-4,05594461010129e-05;-0,0056109236699322;0,00574422471739989;0,0236028299031329;-9,93100062330922e-05;0,000893255498147844;0,0519702090861855
2018-05-01;-0,0018272319401706;0,000908740021803859;-0,00105194506579301;-0,000218240908341226;0,00578773935508103;0,0117912843056796;0,0121987473181617;2,33711231504832e-05;-0,000338144094718869;-3,7759545343363e-05;-0,00313799749934531;0,00323104177692108;0,0211422373845619;-8,04003173493645e-05;0,00271066010564859;0,0510984617832384
2018-06-01;-0,00208133751631571;-0,000113656511664997;-0,00168699743163673;-0,000375796097761588;0,00257428337808991;0,00927295713684737;0,0100655802505353;0,000236002574851494;-0,000330281877941105;-3,60786754207203e-05;-0,00160483240173222;0,00223090448095733;0,015922617251156;-9,04452509399096e-05;0,00226947031728757;0,0362512218061333
2018-07-01;-0,00209383317839531;0,00053849608706216;-0,000750298984441474;-0,000487288353567436;0,00292353519982794;0,00894760643652989;0,0108471137232977;0,00034467618387899;-0,000310265685419655;-4,30015300889171e-05;-0,00220766668738881;0,00180128274019965;0,0169748045798105;-0,000104112409056303;0,00235029617115167;0,0387325558022502
2018-08-01;-0,00249293152411473;0,0018443543559883;-0,000232536432827273;-0,000296875424106188;0,00385629928358155;0,0090850750750965;0,0126086694608114;0,000633804478737958;-0,000274229966323105;-5,17029666047593e-05;-0,00129093777601227;0,00216806352752346;0,0194692920047939;-7,29488354016835e-05;0,0044026925073942;0,0493560877685373
2018-09-01;-0,00251847198720385;0,00121138475364861;0,0012548496839223;-0,000136755372074293;0,00377318387105524;0,00878912635332555;0,012918300944161;0,000603823961266136;-0,000248531981257577;-5,46898727554892e-05;-0,00125913781013292;0,00280858835927371;0,0160647081386918;-9,08445112815515e-05;0,00382859128689119;0,0469463779623291
2018-10-01;-0,00233181200039169;0,00275205586578866;0,00150141301144188;-0,000120228785309922;0,00451203015680595;0,0086946556855554;0,0137354111210413;0,000506003230083441;-0,000202520778020037;-5,52003603896182e-05;-0,00163064277766188;0,00300651318948258;0,0175890323496915;-9,7860321598439e-05;0,00296358371139652;0,0508235720712282
2018-11-01;-0,00187365927832745;0,00448814581319272;0,0019986681950794;-0,000434291330379327;0,00689144126183794;0,00874185383906325;0,0154649775360156;0,00058597229053784;-0,000161669627084531;-5,71800903725008e-05;-0,000474345865027944;0,00341598590508822;0,0216197140881906;-6,49457009796449e-05;0,00395315201395818;0,0640926898015506
2018-12-01;-0,000680023715221617;0,00795749556549564;0,00220469886252572;-0,00024919525115028;0,00697984822558023;0,00918126057895678;0,0166841525070402;0,000494864075336055;-0,000126045335187665;-4,50283122500913e-05;0,000761694989040168;0,00325313587177884;0,0249849737052887;-7,90466257308567e-05;0,00431429644258666;0,075638166335084
2019-01-01;-0,00126645185703027;0,00973423723986672;0,00293337771443001;0,000115180913361859;0,00891642010015575;0,00831900745324672;0,0165170249228133;0,00064055714131955;-9,52181699450908e-05;-4,56420924703133e-05;0,000969011065311493;0,00384116011466901;0,0216709053580781;-6,22506232522125e-05;0,00394354162643686;0,0761320181697411
2019-02-01;-0,00147821552361241;0,010728638813504;0,00334801232338274;0,000450646286241781;0,00988790329686207;0,00913316240432946;0,0189331496008364;0,000882761786421466;-6,44128661968021e-05;-3,53424890973146e-05;0,000772864280792015;0,00449353766401528;0,0225154427511429;-5,07085043201708e-05;0,00444217510208098;0,0839641754005696
2019-03-01;-0,000844818833446988;0,0101674549985549;0,00310708811542171;0,000406761752494246;0,00918562140460104;0,00878241592803244;0,0172942909353356;0,000756957763489818;-4,21853531961796e-05;-1,59995835827532e-05;0,00116097842402082;0,0046263991558534;0,0205619898546179;-7,35351204318288e-05;0,00514471915504553;0,0802169844461376
2019-04-01;-0,000160770425076506;0,010900200453298;0,00347357917737462;0,000593828170349406;0,00956400183618846;0,00877827508285482;0,0172904084221688;0,000903864897876236;-6,13273488840608e-06;-2,28599496504079e-05;0,00102402440337021;0,00490353490359225;0,0203056580783559;-6,33983848846976e-05;0,00521961120825996;0,0827037712714473
2019-05-01;0,000106485223787631;0,0128053947974309;0,00408115272175447;0,000965329320587445;0,0114227274813649;0,0085862203153405;0,0190201333003627;0,00107817522384962;3,41685803596373e-05;-1,88651592755228e-05;0,00209163693787345;0,00551740592255503;0,02237978177897;-1,77479298564253e-05;0,00479361050528401;0,092844577005132
2019-06-01;0,00112199803695024;0,0151339427906679;0,00477470643209764;0,0014465309490043;0,0155094442890125;0,00974928889510576;0,0230015813334336;0,00133291352497329;8,20447104310426e-05;-1,36033844368179e-05;0,00317667455305041;0,00599902980888727;0,0229758172444405;-3,01312137955614e-06;0,00437259947421323;0,108661082502726
2019-07-01;0,00153765271277533;0,0157424659690566;0,00498743186188974;0,00201988963303889;0,0175472259668862;0,010108651835987;0,0236404265057025;0,00146653221101022;0,000133991837422921;-6,62286008840544e-06;0,00402709576458996;0,00584629367168538;0,0258562088585192;9,21468781730185e-06;0,00441171822779335;0,117328176884086
2019-08-01;0,00203607026218288;0,0147828706205574;0,00493771325795486;0,00208704096945544;0,0180183496571608;0,0095262867181346;0,0244424192400764;0,00135383242542193;0,00011624456520227;1,14784476931755e-05;0,00575205347560148;0,00570089692421444;0,023196359550912;1,51825534365687e-05;0,0043729389370967;0,116349737605101
2019-09-01;0,00316329031412127;0,0167937226038754;0,00394026122595217;0,00215185959978786;0,0218763757458753;0,0101464256189028;0,0266933868035709;0,00154147060381495;0,000104488515197871;6,82707904159607e-06;0,00732347151591656;0,00528148114731862;0,0295869800110832;1,88713502911793e-05;0,00544456549779234;0,13407231525845
2019-10-01;0,00146493278134207;0,0173865516082842;0,0044116440085316;0,00241474071088294;0,0242594161464331;0,0104339242174688;0,0286271253352418;0,00173761600924342;6,5979198307325e-05;7,27351790820515e-06;0,00693491683953438;0,00509234400804427;0,0290780000540525;1,21130867212587e-05;0,00539325575812731;0,137318749584113
2019-11-01;0,000696538255416522;0,0164221697294859;0,00415141840188576;0,00291865854864152;0,0220029659336959;0,00902382747727624;0,0275123633657416;0,00162466771831474;1,20276245060362e-05;6,23752452250843e-06;0,00597148351403946;0,0043393141106511;0,0218592832249779;-3,16140515538697e-06;0,00525557361375472;0,121795456449533
2019-12-01;0,00122787547265301;0,014057154479909;0,00412664389698227;0,00248500289513534;0,0236112364681922;0,00689214359467951;0,0260749980828725;0,00165500392996822;-4,61421402805258e-05;1,62452595907605e-06;0,00582642884060377;0,00356808675881705;0,0246226134247652;-1,67387239703962e-05;0,00407958897392979;0,11816342505014
2020-01-01;0,00049241031354306;0,0141670011209532;0,00443326666292337;0,00250481812147081;0,0240875884231354;0,00756847994303241;0,0266661608993336;0,00166685946042967;-7,37779548694499e-05;8,81224874237302e-07;0,00584242216178545;0,00369902918612372;0,0229651271297354;-1,92735141667848e-05;0,00612564805600097;0,119562721979027
2020-02-01;0,000759804778966584;0,0142848104132915;0,00439719719350224;0,00271238776585922;0,0248029083288034;0,00749042041209493;0,0267298679725703;0,00159082721334094;-9,50000460297486e-05;6,22380689902596e-06;0,00575327892850636;0,00345552987818192;0,02207796475559;-2,61222519349767e-05;0,00734138730581075;0,121278430977776
2020-03-01;0,000604711900872031;0,0140028146704292;0,00693380016953759;0,00274962101232462;0,0264101808107717;0,00816223751341323;0,0264367340917622;0,00162972373283339;-0,000120523567537034;-1,22898984492151e-05;0,0077771325306652;0,00317305567131545;0,0115262811660724;-6,20697271017465e-05;0,00931072810552868;0,118522138182438
2020-04-01;-0,00162996331486526;0,0141749102317702;0,010977142994831;0,00240561784031765;0,0265577401187294;0,00792473083443322;0,0221890519448927;0,00110495952527021;-0,000154496870260133;-4,96353853105523e-06;0,00755711937285602;0,00354722565292779;-0,0160688777483145;-0,000115221336845217;0,00882378999744899;0,0872877586624148
2020-05-01;-0,00357151767399667;0,0111160724141136;0,0132640861750024;0,00219257643042961;0,0253536927558098;0,00689578609038143;0,0188617487144907;0,000791702998854523;-0,000195076936831985;-8,15180187508885e-06;0,00575131682936549;0,00256048307051239;-0,023145557223082;-0,000173313599825165;0,00878087211155782;0,0684757290881299
2020-06-01;-0,00461341239647064;0,00834084142670777;0,0147309472286042;0,00166419340260786;0,0233882153691054;0,00690250076844661;0,016027667669118;0,000719738186984806;-0,000240168391491625;-1,02695586006501e-05;0,00294284297131903;0,000850049473822575;-0,0147693792981823;-0,000225359995676029;0,00894478490039115;0,0646531917566859
2020-07-01;-0,00640798631319909;0,00765124327590837;0,0152259122151782;0,00164367754105724;0,0221086124689343;0,00668689134386463;0,0148255691133373;0,000600138003537506;-0,000297886414517065;-8,42471312336519e-06;0,00190751592005105;-0,000644983413394591;-0,0144764130082773;-0,000226531456994508;0,0077685973574482;0,0563540398074365
2020-08-01;-0,00647564083596464;0,00734863973505677;0,017924765119336;0,00120275240051133;0,0198794402246781;0,00776035720714488;0,0116035325522469;0,000731654474733205;-0,000307976027345792;-2,08189411823055e-05;-0,00119858757851685;-0,00213786927372115;-0,0061127543651413;-0,000231008845621937;0,00696351515912485;0,0569290701372209
2020-09-01;-0,00703537267139;0,00726374178940233;0,017360838647111;0,000955571480001889;0,0192759886291536;0,00644208045419402;0,00972839281464647;0,000766062689641874;-0,000318367106009663;-3,0388729406608e-05;-0,0036243535033295;-0,00317304879389116;-0,000167229417446606;-0,000228759729074764;0,00681248339720473;0,0540266681878103
